,VIX,Consumer Confidence,High Yield Spread,Job Openings,VVIX,Recession Probabilities
2007-01-07,12.140000343322754,96.9,7.6,4763.0,90.16999816894531,0.2
2007-01-14,10.149999618530273,96.9,7.59,4763.0,85.18000030517578,0.2
2007-01-21,10.399999618530273,96.9,7.51,4763.0,82.48999786376953,0.2
2007-01-28,11.130000114440918,96.9,7.49,4763.0,81.36000061035156,0.2
2007-02-04,10.079999923706055,91.3,7.52,4699.0,72.44000244140625,0.04
2007-02-11,11.100000381469727,91.3,7.41,4699.0,74.38999938964844,0.04
2007-02-18,10.020000457763672,91.3,7.29,4699.0,70.73999786376953,0.04
2007-02-25,10.579999923706055,91.3,7.26,4699.0,70.70999908447266,0.04
2007-03-04,18.610000610351562,88.4,7.44,4962.0,104.16999816894531,0.06
2007-03-11,14.09000015258789,88.4,7.37,4962.0,91.81999969482422,0.06
2007-03-18,16.790000915527344,88.4,7.44,4962.0,102.73999786376953,0.06
2007-03-25,12.949999809265137,88.4,7.4,4962.0,96.37000274658203,0.06
2007-04-01,14.640000343322754,87.1,7.49,4689.0,99.77999877929688,0.22
2007-04-08,13.229999542236328,87.1,7.5,4689.0,93.5999984741211,0.22
2007-04-15,12.199999809265137,87.1,7.48,4689.0,88.70999908447266,0.22
2007-04-22,12.069999694824219,87.1,7.34,4689.0,79.18000030517578,0.22
2007-04-29,12.449999809265137,87.1,7.31,4689.0,80.66000366210938,0.22
2007-05-06,12.90999984741211,88.3,7.33,4657.0,77.0999984741211,0.22
2007-05-13,12.949999809265137,88.3,7.3,4657.0,79.47000122070312,0.22
2007-05-20,12.760000228881836,88.3,7.31,4657.0,75.43000030517578,0.22
2007-05-27,13.34000015258789,88.3,7.31,4657.0,72.41999816894531,0.22
2007-06-03,12.779999732971191,85.3,7.38,4859.0,70.19000244140625,0.3
2007-06-10,14.84000015258789,85.3,7.61,4859.0,70.69000244140625,0.3
2007-06-17,13.9399995803833,85.3,7.65,4859.0,64.02999877929688,0.3
2007-06-24,15.75,85.3,7.77,4859.0,78.3499984741211,0.3
2007-07-01,16.229999542236328,90.4,7.98,4598.0,76.94000244140625,0.66
2007-07-08,14.720000267028809,90.4,8.05,4598.0,74.8499984741211,0.66
2007-07-15,15.149999618530273,90.4,8.12,4598.0,76.6500015258789,0.66
2007-07-22,16.950000762939453,90.4,8.28,4598.0,73.76000213623047,0.66
2007-07-29,24.170000076293945,90.4,8.99,4598.0,97.2300033569336,0.66
2007-08-05,25.15999984741211,83.4,8.88,4546.0,104.05000305175781,0.48
2007-08-12,28.299999237060547,83.4,8.83,4546.0,108.91000366210938,0.48
2007-08-19,29.989999771118164,83.4,9.0,4546.0,133.8699951171875,0.48
2007-08-26,20.719999313354492,83.4,8.82,4546.0,111.94999694824219,0.48
2007-09-02,23.3799991607666,83.4,8.96,4652.0,109.2699966430664,0.56
2007-09-09,26.229999542236328,83.4,8.91,4652.0,108.22000122070312,0.56
2007-09-16,24.920000076293945,83.4,8.89,4652.0,104.38999938964844,0.56
2007-09-23,19.0,83.4,8.59,4652.0,98.13999938964844,0.56
2007-09-30,18.0,83.4,8.55,4652.0,87.12999725341797,0.56
2007-10-07,16.90999984741211,80.9,8.46,4636.0,83.91000366210938,1.44
2007-10-14,17.729999542236328,80.9,8.34,4636.0,90.62999725341797,1.44
2007-10-21,22.959999084472656,80.9,8.54,4636.0,91.55999755859375,1.44
2007-10-28,19.559999465942383,80.9,8.55,4636.0,95.36000061035156,1.44
2007-11-04,23.010000228881836,76.1,8.69,4646.0,97.45999908447266,2.62
2007-11-11,28.5,76.1,8.95,4646.0,97.86000061035156,2.62
2007-11-18,25.489999771118164,76.1,9.22,4646.0,92.80000305175781,2.62
2007-11-25,25.610000610351562,76.1,9.48,4646.0,89.62000274658203,2.62
2007-12-02,22.8700008392334,75.5,9.37,4545.0,88.87999725341797,9.14
2007-12-09,20.850000381469727,75.5,9.37,4545.0,82.47000122070312,9.14
2007-12-16,23.270000457763672,75.5,9.39,4545.0,85.81999969482422,9.14
2007-12-23,18.469999313354492,75.5,9.47,4545.0,82.87000274658203,9.14
2007-12-30,20.739999771118164,75.5,9.44,4545.0,84.02999877929688,9.14
2008-01-06,23.940000534057617,78.4,9.72,4624.0,81.45999908447266,22.78
2008-01-13,23.68000030517578,78.4,10.01,4624.0,84.66000366210938,22.78
2008-01-20,27.18000030517578,78.4,10.19,4624.0,77.23999786376953,22.78
2008-01-27,29.079999923706055,78.4,10.05,4624.0,79.0,22.78
2008-02-03,24.020000457763672,70.8,9.98,4279.0,73.94000244140625,47.7
2008-02-10,28.010000228881836,70.8,10.25,4279.0,72.5999984741211,47.7
2008-02-17,25.020000457763672,70.8,10.37,4279.0,74.72000122070312,47.7
2008-02-24,24.059999465942383,70.8,10.45,4279.0,65.47000122070312,47.7
2008-03-02,26.540000915527344,69.5,10.49,4225.0,69.80999755859375,65.02
2008-03-09,27.489999771118164,69.5,10.68,4225.0,76.0199966430664,65.02
2008-03-16,31.15999984741211,69.5,10.99,4225.0,80.98999786376953,65.02
2008-03-23,26.6200008392334,69.5,10.97,4225.0,66.97000122070312,65.02
2008-03-30,25.709999084472656,69.5,10.74,4225.0,68.79000091552734,65.02
2008-04-06,22.450000762939453,62.6,10.58,4035.0,64.55999755859375,77.18
2008-04-13,23.459999084472656,62.6,10.55,4035.0,74.73999786376953,77.18
2008-04-20,20.1299991607666,62.6,10.28,4035.0,62.09000015258789,77.18
2008-04-27,19.59000015258789,62.6,10.15,4035.0,65.98999786376953,77.18
2008-05-04,18.18000030517578,59.8,9.95,4194.0,63.68000030517578,83.4
2008-05-11,19.40999984741211,59.8,10.07,4194.0,73.79000091552734,83.4
2008-05-18,16.469999313354492,59.8,9.94,4194.0,75.7699966430664,83.4
2008-05-25,19.549999237060547,59.8,10.0,4194.0,79.62999725341797,83.4
2008-06-01,17.829999923706055,56.4,10.09,3830.0,73.45999908447266,88.44
2008-06-08,23.559999465942383,56.4,10.06,3830.0,88.77999877929688,88.44
2008-06-15,21.219999313354492,56.4,10.23,3830.0,86.91000366210938,88.44
2008-06-22,22.8700008392334,56.4,10.38,3830.0,78.3499984741211,88.44
2008-06-29,23.440000534057617,56.4,10.9,3830.0,79.54000091552734,88.44
2008-07-06,24.780000686645508,61.2,11.06,3749.0,76.44000244140625,95.6
2008-07-13,27.489999771118164,61.2,11.3,3749.0,77.18000030517578,95.6
2008-07-20,24.049999237060547,61.2,11.19,3749.0,70.29000091552734,95.6
2008-07-27,22.90999984741211,61.2,11.15,3749.0,73.69999694824219,95.6
2008-08-03,22.56999969482422,63.0,11.48,3674.0,72.7300033569336,99.66
2008-08-10,20.65999984741211,63.0,11.48,3674.0,73.05000305175781,99.66
2008-08-17,19.579999923706055,63.0,11.35,3674.0,74.0999984741211,99.66
2008-08-24,18.809999465942383,63.0,11.5,3674.0,73.55999755859375,99.66
2008-08-31,20.649999618530273,63.0,11.54,3674.0,68.06999969482422,99.66
2008-09-07,23.059999465942383,70.3,11.58,3222.0,70.38999938964844,100.0
2008-09-14,25.65999984741211,70.3,11.62,3222.0,70.26000213623047,100.0
2008-09-21,32.06999969482422,70.3,12.31,3222.0,79.37000274658203,100.0
2008-09-28,34.7400016784668,70.3,13.34,3222.0,87.80999755859375,100.0
2008-10-05,45.13999938964844,57.6,15.04,3377.0,94.68000030517578,87.82
2008-10-12,69.94999694824219,57.6,18.26,3377.0,116.0,87.82
2008-10-19,70.33000183105469,57.6,18.91,3377.0,117.44999694824219,87.82
2008-10-26,79.12999725341797,57.6,19.44,3377.0,128.08999633789062,87.82
2008-11-02,59.88999938964844,55.3,19.08,3231.0,116.94000244140625,99.78
2008-11-09,56.099998474121094,55.3,18.99,3231.0,116.37000274658203,99.78
2008-11-16,66.30999755859375,55.3,19.66,3231.0,118.33999633789062,99.78
2008-11-23,72.66999816894531,55.3,21.99,3231.0,99.4800033569336,99.78
2008-11-30,55.279998779296875,55.3,21.81,3231.0,88.41000366210938,99.78
2008-12-07,59.93000030517578,60.1,22.45,3146.0,82.9000015258789,99.98
2008-12-14,54.279998779296875,60.1,22.86,3146.0,86.2699966430664,99.98
2008-12-21,44.93000030517578,60.1,21.78,3146.0,87.69000244140625,99.98
2008-12-28,43.380001068115234,60.1,20.96,3146.0,83.73999786376953,99.98
2009-01-04,39.189998626708984,61.2,19.46,2738.0,84.41000366210938,100.0
2009-01-11,42.81999969482422,61.2,18.18,2738.0,91.5199966430664,100.0
2009-01-18,46.11000061035156,61.2,18.27,2738.0,98.79000091552734,100.0
2009-01-25,47.27000045776367,61.2,18.45,2738.0,95.69999694824219,100.0
2009-02-01,44.84000015258789,56.3,18.18,2864.0,98.72000122070312,99.9
2009-02-08,43.369998931884766,56.3,18.07,2864.0,94.01000213623047,99.9
2009-02-15,42.93000030517578,56.3,18.14,2864.0,91.93000030517578,99.9
2009-02-22,49.29999923706055,56.3,18.63,2864.0,90.66000366210938,99.9
2009-03-01,46.349998474121094,57.3,19.47,2534.0,91.08000183105469,99.84
2009-03-08,49.33000183105469,57.3,20.6,2534.0,88.26000213623047,99.84
2009-03-15,42.36000061035156,57.3,20.01,2534.0,78.12999725341797,99.84
2009-03-22,45.88999938964844,57.3,19.46,2534.0,73.11000061035156,99.84
2009-03-29,41.040000915527344,57.3,18.56,2534.0,71.68000030517578,99.84
2009-04-05,39.70000076293945,65.1,18.45,2295.0,67.86000061035156,97.52
2009-04-12,36.529998779296875,65.1,18.13,2295.0,65.22000122070312,97.52
2009-04-19,33.939998626708984,65.1,16.99,2295.0,68.91999816894531,97.52
2009-04-26,36.81999969482422,65.1,16.86,2295.0,72.04000091552734,97.52
2009-05-03,35.29999923706055,68.7,15.45,2549.0,69.81999969482422,90.38
2009-05-10,32.04999923706055,68.7,14.62,2549.0,74.66000366210938,90.38
2009-05-17,33.119998931884766,68.7,14.93,2549.0,80.29000091552734,90.38
2009-05-24,32.630001068115234,68.7,14.38,2549.0,87.27999877929688,90.38
2009-05-31,28.920000076293945,68.7,14.02,2549.0,83.91000366210938,90.38
2009-06-07,29.6200008392334,70.8,13.47,2503.0,82.11000061035156,66.94
2009-06-14,28.149999618530273,70.8,13.13,2503.0,85.43000030517578,66.94
2009-06-21,27.989999771118164,70.8,13.44,2503.0,84.1500015258789,66.94
2009-06-28,25.93000030517578,70.8,13.53,2503.0,77.5999984741211,66.94
2009-07-05,27.950000762939453,66.0,12.95,2232.0,81.31999969482422,3.06
2009-07-12,29.020000457763672,66.0,13.13,2232.0,81.41999816894531,3.06
2009-07-19,24.34000015258789,66.0,12.91,2232.0,82.48999786376953,3.06
2009-07-26,23.09000015258789,66.0,12.34,2232.0,73.01000213623047,3.06
2009-08-02,25.920000076293945,65.7,11.73,2338.0,73.47000122070312,1.04
2009-08-09,24.760000228881836,65.7,11.38,2338.0,71.52999877929688,1.04
2009-08-16,24.270000457763672,65.7,11.44,2338.0,80.44999694824219,1.04
2009-08-23,25.010000228881836,65.7,11.64,2338.0,76.55000305175781,1.04
2009-08-30,24.760000228881836,65.7,11.45,2338.0,74.41000366210938,1.04
2009-09-06,25.260000228881836,73.5,11.44,2487.0,77.51000213623047,0.62
2009-09-13,24.149999618530273,73.5,11.04,2487.0,72.36000061035156,0.62
2009-09-20,23.920000076293945,73.5,10.38,2487.0,70.38999938964844,0.62
2009-09-27,25.610000610351562,73.5,10.17,2487.0,71.73999786376953,0.62
2009-10-04,28.68000030517578,70.6,10.38,2406.0,76.12999725341797,0.34
2009-10-11,23.1200008392334,70.6,10.18,2406.0,65.54000091552734,0.34
2009-10-18,21.43000030517578,70.6,9.99,2406.0,69.8499984741211,0.34
2009-10-25,22.270000457763672,70.6,9.84,2406.0,79.87999725341797,0.34
2009-11-01,30.690000534057617,67.4,9.95,2503.0,89.9000015258789,0.2
2009-11-08,24.190000534057617,67.4,9.97,2503.0,73.72000122070312,0.2
2009-11-15,23.360000610351562,67.4,9.84,2503.0,80.27999877929688,0.2
2009-11-22,22.190000534057617,67.4,9.76,2503.0,75.55999755859375,0.2
2009-11-29,24.739999771118164,67.4,9.69,2503.0,83.23999786376953,0.2
2009-12-06,21.25,72.5,9.57,2568.0,77.18000030517578,0.16
2009-12-13,21.59000015258789,72.5,9.42,2568.0,82.87000274658203,0.16
2009-12-20,21.68000030517578,72.5,9.18,2568.0,81.75,0.16
2009-12-27,19.469999313354492,72.5,9.13,2568.0,68.80999755859375,0.16
2010-01-03,21.68000030517578,74.4,9.08,2837.0,74.98999786376953,0.08
2010-01-10,18.1299991607666,74.4,8.63,2837.0,65.70999908447266,0.08
2010-01-17,17.90999984741211,74.4,8.57,2837.0,74.2699966430664,0.08
2010-01-24,27.309999465942383,74.4,8.75,2837.0,100.05999755859375,0.08
2010-01-31,24.6200008392334,74.4,8.94,2837.0,89.0,0.08
2010-02-07,26.110000610351562,73.6,9.11,2666.0,88.22000122070312,0.04
2010-02-14,22.729999542236328,73.6,9.44,2666.0,88.16000366210938,0.04
2010-02-21,20.020000457763672,73.6,9.07,2666.0,77.97000122070312,0.04
2010-02-28,19.5,73.6,9.08,2666.0,73.12999725341797,0.04
2010-03-07,17.420000076293945,73.6,8.82,2679.0,71.05999755859375,0.0
2010-03-14,17.579999923706055,73.6,8.62,2679.0,73.73999786376953,0.0
2010-03-21,16.969999313354492,73.6,8.5,2679.0,76.68000030517578,0.0
2010-03-28,17.770000457763672,73.6,8.43,2679.0,81.55999755859375,0.0
2010-04-04,17.469999313354492,72.2,8.49,3153.0,78.29000091552734,0.0
2010-04-11,16.139999389648438,72.2,8.39,3153.0,78.23999786376953,0.0
2010-04-18,18.360000610351562,72.2,8.14,3153.0,86.29000091552734,0.0
2010-04-25,16.6200008392334,72.2,8.1,3153.0,88.13999938964844,0.0
2010-05-02,22.049999237060547,73.6,8.13,2988.0,101.41000366210938,0.0
2010-05-09,40.95000076293945,73.6,8.78,2988.0,135.3800048828125,0.0
2010-05-16,31.239999771118164,73.6,8.61,2988.0,128.33999633789062,0.0
2010-05-23,40.099998474121094,73.6,9.14,2988.0,130.6699981689453,0.0
2010-05-30,32.06999969482422,73.6,9.09,2988.0,110.12999725341797,0.0
2010-06-06,35.47999954223633,76.0,9.26,2801.0,103.30999755859375,0.3
2010-06-13,28.790000915527344,76.0,9.41,2801.0,103.69000244140625,0.3
2010-06-20,23.950000762939453,76.0,8.96,2801.0,92.36000061035156,0.3
2010-06-27,28.530000686645508,76.0,8.92,2801.0,97.51000213623047,0.3
2010-07-04,30.1200008392334,67.8,9.04,3082.0,97.19000244140625,0.2
2010-07-11,24.979999542236328,67.8,8.83,3082.0,88.58000183105469,0.2
2010-07-18,26.25,67.8,8.58,3082.0,101.56999969482422,0.2
2010-07-25,23.469999313354492,67.8,8.44,3082.0,89.9000015258789,0.2
2010-08-01,23.5,68.9,8.33,2999.0,89.55000305175781,0.06
2010-08-08,21.739999771118164,68.9,8.21,2999.0,87.44000244140625,0.06
2010-08-15,26.239999771118164,68.9,8.43,2999.0,99.54000091552734,0.06
2010-08-22,25.489999771118164,68.9,8.34,2999.0,89.33999633789062,0.06
2010-08-29,24.450000762939453,68.9,8.38,2999.0,79.0,0.06
2010-09-05,21.309999465942383,68.2,8.29,2918.0,76.63999938964844,0.06
2010-09-12,21.989999771118164,68.2,8.12,2918.0,87.5999984741211,0.06
2010-09-19,22.010000228881836,68.2,7.89,2918.0,85.44999694824219,0.06
2010-09-26,21.709999084472656,68.2,7.86,2918.0,80.0,0.06
2010-10-03,22.5,67.7,7.73,3235.0,84.08000183105469,0.04
2010-10-10,20.709999084472656,67.7,7.49,3235.0,81.41000366210938,0.04
2010-10-17,19.030000686645508,67.7,7.43,3235.0,89.81999969482422,0.04
2010-10-24,18.780000686645508,67.7,7.4,3235.0,81.97000122070312,0.04
2010-10-31,21.200000762939453,67.7,7.43,3235.0,77.45999908447266,0.04
2010-11-07,18.260000228881836,71.6,7.2,3211.0,74.0199966430664,0.02
2010-11-14,20.610000610351562,71.6,7.36,3211.0,88.18000030517578,0.02
2010-11-21,18.040000915527344,71.6,7.54,3211.0,84.7300033569336,0.02
2010-11-28,22.219999313354492,71.6,7.66,3211.0,90.55000305175781,0.02
2010-12-05,18.010000228881836,74.5,7.79,3058.0,84.27999877929688,0.02
2010-12-12,17.610000610351562,74.5,7.7,3058.0,79.36000061035156,0.02
2010-12-19,16.110000610351562,74.5,7.68,3058.0,86.62000274658203,0.02
2010-12-26,16.469999313354492,74.5,7.6,3058.0,86.73999786376953,0.02
2011-01-02,17.75,74.2,7.6,3104.0,86.36000061035156,0.04
2011-01-09,17.139999389648438,74.2,7.41,3104.0,83.7300033569336,0.04
2011-01-16,15.460000038146973,74.2,7.27,3104.0,75.94000244140625,0.04
2011-01-23,18.469999313354492,74.2,7.27,3104.0,85.41000366210938,0.04
2011-01-30,20.040000915527344,74.2,7.14,3104.0,91.5199966430664,0.04
2011-02-06,15.930000305175781,77.5,7.12,3226.0,81.11000061035156,0.22
2011-02-13,15.6899995803833,77.5,7.09,3226.0,84.5,0.22
2011-02-20,16.43000030517578,77.5,6.95,3226.0,85.47000122070312,0.22
2011-02-27,19.219999313354492,77.5,7.0,3226.0,86.16999816894531,0.22
2011-03-06,19.059999465942383,67.5,7.05,3261.0,81.4800033569336,0.0
2011-03-13,20.079999923706055,67.5,7.13,3261.0,83.20999908447266,0.0
2011-03-20,24.440000534057617,67.5,7.16,3261.0,96.27999877929688,0.0
2011-03-27,17.90999984741211,67.5,7.12,3261.0,84.52999877929688,0.0
2011-04-03,17.399999618530273,69.8,7.13,3259.0,81.9800033569336,0.32
2011-04-10,17.8700008392334,69.8,7.01,3259.0,83.43000030517578,0.32
2011-04-17,15.319999694824219,69.8,6.99,3259.0,85.72000122070312,0.32
2011-04-24,14.6899995803833,69.8,6.95,3259.0,87.70999908447266,0.32
2011-05-01,14.75,74.3,6.96,3179.0,83.9800033569336,0.2
2011-05-08,18.399999618530273,74.3,6.89,3179.0,94.43000030517578,0.2
2011-05-15,17.06999969482422,74.3,6.86,3179.0,93.86000061035156,0.2
2011-05-22,17.43000030517578,74.3,6.84,3179.0,90.2300033569336,0.2
2011-05-29,15.979999542236328,74.3,6.92,3179.0,81.45999908447266,0.2
2011-06-05,17.950000762939453,71.5,7.11,3455.0,85.54000091552734,0.02
2011-06-12,18.860000610351562,71.5,7.26,3455.0,93.33999633789062,0.02
2011-06-19,21.850000381469727,71.5,7.44,3455.0,95.30999755859375,0.02
2011-06-26,21.100000381469727,71.5,7.49,3455.0,99.13999938964844,0.02
2011-07-03,15.869999885559082,63.7,7.4,3623.0,78.63999938964844,0.02
2011-07-10,15.949999809265137,63.7,7.26,3623.0,80.81999969482422,0.02
2011-07-17,19.530000686645508,63.7,7.26,3623.0,89.33000183105469,0.02
2011-07-24,17.520000457763672,63.7,7.16,3623.0,82.44999694824219,0.02
2011-07-31,25.25,63.7,7.25,3623.0,106.56999969482422,0.02
2011-08-07,32.0,55.8,7.75,3329.0,118.61000061035156,0.06
2011-08-14,36.36000061035156,55.8,8.52,3329.0,120.19000244140625,0.06
2011-08-21,43.04999923706055,55.8,8.43,3329.0,111.58000183105469,0.06
2011-08-28,35.59000015258789,55.8,8.67,3329.0,104.72000122070312,0.06
2011-09-04,33.91999816894531,59.5,8.43,3774.0,91.0,0.16
2011-09-11,38.52000045776367,59.5,8.54,3774.0,99.06999969482422,0.16
2011-09-18,30.979999542236328,59.5,8.61,3774.0,93.66999816894531,0.16
2011-09-25,41.25,59.5,9.03,3774.0,104.7699966430664,0.16
2011-10-02,42.959999084472656,60.8,9.54,3619.0,101.08000183105469,0.02
2011-10-09,36.20000076293945,60.8,9.78,3619.0,92.56999969482422,0.02
2011-10-16,28.239999771118164,60.8,9.19,3619.0,94.69000244140625,0.02
2011-10-23,31.31999969482422,60.8,8.73,3619.0,98.05000305175781,0.02
2011-10-30,24.530000686645508,60.8,8.18,3619.0,94.19000244140625,0.02
2011-11-06,30.15999984741211,63.7,8.37,3565.0,103.33999633789062,0.06
2011-11-13,30.040000915527344,63.7,8.57,3565.0,112.0999984741211,0.06
2011-11-20,32.0,63.7,8.72,3565.0,101.91999816894531,0.06
2011-11-27,34.470001220703125,63.7,9.08,3565.0,98.9800033569336,0.06
2011-12-04,27.520000457763672,69.9,8.78,3768.0,92.45999908447266,0.0
2011-12-11,26.3799991607666,69.9,8.64,3768.0,90.91999816894531,0.0
2011-12-18,24.290000915527344,69.9,8.64,3768.0,94.27999877929688,0.0
2011-12-25,20.729999542236328,69.9,8.51,3768.0,86.54000091552734,0.0
2012-01-01,23.399999618530273,75.0,8.29,3909.0,91.69999694824219,0.0
2012-01-08,20.6299991607666,75.0,8.09,3909.0,86.94999694824219,0.0
2012-01-15,20.90999984741211,75.0,8.04,3909.0,93.55000305175781,0.0
2012-01-22,18.280000686645508,75.0,7.82,3909.0,89.23999786376953,0.0
2012-01-29,18.530000686645508,75.0,7.57,3909.0,87.44000244140625,0.0
2012-02-05,17.100000381469727,75.3,7.47,3616.0,84.04000091552734,0.06
2012-02-12,20.790000915527344,75.3,7.4,3616.0,104.1500015258789,0.06
2012-02-19,17.780000686645508,75.3,7.31,3616.0,108.55999755859375,0.06
2012-02-26,17.309999465942383,75.3,7.11,3616.0,99.43000030517578,0.06
2012-03-04,17.290000915527344,76.2,7.08,3979.0,96.94000244140625,0.26
2012-03-11,17.110000610351562,76.2,7.24,3979.0,97.9800033569336,0.26
2012-03-18,14.470000267028809,76.2,7.19,3979.0,105.77999877929688,0.26
2012-03-25,14.819999694824219,76.2,7.23,3979.0,98.5999984741211,0.26
2012-04-01,15.5,76.4,7.29,3793.0,100.27999877929688,0.08
2012-04-08,16.700000762939453,76.4,7.31,3793.0,99.47000122070312,0.08
2012-04-15,19.549999237060547,76.4,7.37,3793.0,110.76000213623047,0.08
2012-04-22,17.440000534057617,76.4,7.23,3793.0,101.08000183105469,0.08
2012-04-29,16.31999969482422,76.4,7.07,3793.0,88.62000274658203,0.08
2012-05-06,19.15999984741211,79.3,6.98,3835.0,91.30999755859375,0.08
2012-05-13,19.889999389648438,79.3,7.03,3835.0,100.12000274658203,0.08
2012-05-20,25.100000381469727,79.3,7.47,3835.0,117.44000244140625,0.08
2012-05-27,21.760000228881836,79.3,7.59,3835.0,103.0999984741211,0.08
2012-06-03,26.65999984741211,73.2,7.99,3911.0,111.41000366210938,0.18
2012-06-10,21.229999542236328,73.2,7.89,3911.0,96.5999984741211,0.18
2012-06-17,21.110000610351562,73.2,7.74,3911.0,108.2300033569336,0.18
2012-06-24,18.110000610351562,73.2,7.49,3911.0,104.12999725341797,0.18
2012-07-01,17.079999923706055,72.3,7.4,3735.0,89.58999633789062,0.2
2012-07-08,17.100000381469727,72.3,7.31,3735.0,90.0999984741211,0.2
2012-07-15,16.739999771118164,72.3,7.25,3735.0,91.0999984741211,0.2
2012-07-22,16.270000457763672,72.3,7.08,3735.0,100.61000061035156,0.2
2012-07-29,16.700000762939453,72.3,7.09,3735.0,93.08000183105469,0.2
2012-08-05,15.640000343322754,74.3,6.9,3809.0,84.5,0.26
2012-08-12,14.739999771118164,74.3,6.89,3809.0,84.83000183105469,0.26
2012-08-19,13.449999809265137,74.3,6.91,3809.0,95.0199966430664,0.26
2012-08-26,15.180000305175781,74.3,6.8,3809.0,94.98999786376953,0.26
2012-09-02,17.469999313354492,78.3,6.82,3882.0,93.30000305175781,0.12
2012-09-09,14.380000114440918,78.3,6.64,3882.0,82.23999786376953,0.12
2012-09-16,14.510000228881836,78.3,6.31,3882.0,93.04000091552734,0.12
2012-09-23,13.979999542236328,78.3,6.36,3882.0,87.9000015258789,0.12
2012-09-30,15.729999542236328,78.3,6.62,3882.0,90.48999786376953,0.12
2012-10-07,14.329999923706055,82.6,6.49,3775.0,83.0999984741211,0.06
2012-10-14,16.139999389648438,82.6,6.47,3775.0,91.87000274658203,0.06
2012-10-21,17.059999465942383,82.6,6.31,3775.0,92.62999725341797,0.06
2012-10-28,17.809999465942383,82.6,6.39,3775.0,89.43000030517578,0.06
2012-11-04,17.59000015258789,82.7,6.53,3878.0,87.83999633789062,0.0
2012-11-11,18.610000610351562,82.7,6.65,3878.0,94.0199966430664,0.0
2012-11-18,16.40999984741211,82.7,6.82,3878.0,90.2699966430664,0.0
2012-11-25,15.140000343322754,82.7,6.63,3878.0,82.86000061035156,0.0
2012-12-02,15.869999885559082,72.9,6.53,3970.0,78.58999633789062,0.04
2012-12-09,15.899999618530273,72.9,6.3,3970.0,80.73999786376953,0.04
2012-12-16,17.0,72.9,6.23,3970.0,86.38999938964844,0.04
2012-12-23,17.84000015258789,72.9,6.24,3970.0,87.69999694824219,0.04
2012-12-30,22.719999313354492,72.9,6.24,3970.0,104.72000122070312,0.04
2013-01-06,13.829999923706055,73.8,6.13,3923.0,75.18000030517578,0.02
2013-01-13,13.359999656677246,73.8,5.98,3923.0,78.5199966430664,0.02
2013-01-20,12.460000038146973,73.8,5.92,3923.0,73.43000030517578,0.02
2013-01-27,12.890000343322754,73.8,5.84,3923.0,76.91999816894531,0.02
2013-02-03,12.899999618530273,77.6,6.08,4004.0,73.29000091552734,0.02
2013-02-10,13.020000457763672,77.6,6.17,4004.0,74.41999816894531,0.02
2013-02-17,12.460000038146973,77.6,6.08,4004.0,72.55000305175781,0.02
2013-02-24,14.170000076293945,77.6,6.07,4004.0,78.66000366210938,0.02
2013-03-03,15.359999656677246,78.6,6.03,4076.0,87.83000183105469,0.04
2013-03-10,12.59000015258789,78.6,5.94,4076.0,76.6500015258789,0.04
2013-03-17,11.300000190734863,78.6,5.84,4076.0,85.72000122070312,0.04
2013-03-24,13.569999694824219,78.6,5.84,4076.0,91.77999877929688,0.04
2013-03-31,12.699999809265137,78.6,5.91,4076.0,83.19999694824219,0.04
2013-04-07,13.920000076293945,76.4,5.88,3988.0,84.48999786376953,0.08
2013-04-14,12.0600004196167,76.4,5.7,3988.0,82.38999938964844,0.08
2013-04-21,14.970000267028809,76.4,5.73,3988.0,95.5199966430664,0.08
2013-04-28,13.609999656677246,76.4,5.51,3988.0,85.08999633789062,0.08
2013-05-05,12.850000381469727,84.5,5.32,4145.0,80.91000366210938,0.02
2013-05-12,12.59000015258789,84.5,5.31,4145.0,80.44999694824219,0.02
2013-05-19,12.449999809265137,84.5,5.47,4145.0,84.0,0.02
2013-05-26,13.989999771118164,84.5,5.6,4145.0,83.87999725341797,0.02
2013-06-02,16.299999237060547,84.1,5.93,4150.0,84.87000274658203,0.08
2013-06-09,15.140000343322754,84.1,6.22,4150.0,84.19000244140625,0.08
2013-06-16,17.149999618530273,84.1,6.32,4150.0,93.87000274658203,0.08
2013-06-23,18.899999618530273,84.1,6.71,4150.0,96.0999984741211,0.08
2013-06-30,16.860000610351562,84.1,6.82,4150.0,86.54000091552734,0.08
2013-07-07,14.890000343322754,85.1,6.84,3885.0,77.41000366210938,0.32
2013-07-14,13.84000015258789,85.1,6.47,3885.0,76.13999938964844,0.32
2013-07-21,12.539999961853027,85.1,6.11,3885.0,73.63999938964844,0.32
2013-07-28,12.720000267028809,85.1,6.3,3885.0,76.54000091552734,0.32
2013-08-04,11.979999542236328,82.1,6.36,4085.0,70.36000061035156,0.08
2013-08-11,13.40999984741211,82.1,6.4,4085.0,77.33000183105469,0.08
2013-08-18,14.369999885559082,82.1,6.5,4085.0,84.08999633789062,0.08
2013-08-25,13.979999542236328,82.1,6.59,4085.0,80.0199966430664,0.08
2013-09-01,17.010000228881836,77.5,6.54,4128.0,92.5999984741211,0.08
2013-09-08,15.850000381469727,77.5,6.6,4128.0,86.51000213623047,0.08
2013-09-15,14.15999984741211,77.5,6.51,4128.0,79.7300033569336,0.08
2013-09-22,13.119999885559082,77.5,6.26,4128.0,76.88999938964844,0.08
2013-09-29,15.460000038146973,77.5,6.36,4128.0,74.93000030517578,0.08
2013-10-06,16.739999771118164,73.2,6.36,4222.0,88.70999908447266,0.06
2013-10-13,15.720000267028809,73.2,6.3,4222.0,90.8499984741211,0.06
2013-10-20,13.039999961853027,73.2,6.06,4222.0,73.41999816894531,0.06
2013-10-27,13.09000015258789,73.2,5.96,4222.0,70.02999877929688,0.06
2013-11-03,13.279999732971191,75.1,5.94,4119.0,68.94000244140625,0.06
2013-11-10,12.899999618530273,75.1,6.07,4119.0,69.38999938964844,0.06
2013-11-17,12.1899995803833,75.1,6.0,4119.0,73.58000183105469,0.06
2013-11-24,12.260000228881836,75.1,5.95,4119.0,63.77000045776367,0.06
2013-12-01,13.699999809265137,82.5,5.93,4121.0,64.80999755859375,0.08
2013-12-08,13.789999961853027,82.5,5.9,4121.0,70.44999694824219,0.08
2013-12-15,15.760000228881836,82.5,5.9,4121.0,85.38999938964844,0.08
2013-12-22,13.789999961853027,82.5,5.87,4121.0,68.0,0.08
2013-12-29,12.460000038146973,82.5,5.87,4121.0,66.66999816894531,0.08
2014-01-05,13.760000228881836,81.2,5.9,4127.0,70.02999877929688,0.14
2014-01-12,12.140000343322754,81.2,5.78,4127.0,67.73999786376953,0.14
2014-01-19,12.4399995803833,81.2,5.7,4127.0,75.72000122070312,0.14
2014-01-26,18.139999389648438,81.2,5.83,4127.0,97.70999908447266,0.14
2014-02-02,18.40999984741211,81.6,5.91,4373.0,99.66000366210938,0.04
2014-02-09,15.289999961853027,81.6,5.88,4373.0,83.16999816894531,0.04
2014-02-16,13.569999694824219,81.6,5.75,4373.0,77.48999786376953,0.04
2014-02-23,14.680000305175781,81.6,5.62,4373.0,78.95999908447266,0.04
2014-03-02,14.0,80.0,5.51,4388.0,81.44999694824219,0.0
2014-03-09,14.109999656677246,80.0,5.62,4388.0,83.06999969482422,0.0
2014-03-16,17.81999969482422,80.0,5.66,4388.0,97.11000061035156,0.0
2014-03-23,15.0,80.0,5.62,4388.0,78.63999938964844,0.0
2014-03-30,14.40999984741211,80.0,5.58,4388.0,74.86000061035156,0.0
2014-04-06,13.960000038146973,84.1,5.54,4566.0,69.52999877929688,0.04
2014-04-13,17.030000686645508,84.1,5.55,4566.0,83.94000244140625,0.04
2014-04-20,13.359999656677246,84.1,5.53,4566.0,70.08000183105469,0.04
2014-04-27,14.0600004196167,84.1,5.5,4566.0,70.48999786376953,0.04
2014-05-04,12.90999984741211,81.9,5.53,4747.0,64.54000091552734,0.08
2014-05-11,12.920000076293945,81.9,5.5,4747.0,61.7599983215332,0.08
2014-05-18,12.4399995803833,81.9,5.45,4747.0,68.72000122070312,0.08
2014-05-25,11.359999656677246,81.9,5.45,4747.0,66.86000061035156,0.08
2014-06-01,11.399999618530273,82.5,5.33,4982.0,67.94999694824219,0.1
2014-06-08,10.729999542236328,82.5,5.32,4982.0,67.08000183105469,0.1
2014-06-15,12.180000305175781,82.5,5.28,4982.0,79.80999755859375,0.1
2014-06-22,10.850000381469727,82.5,5.18,4982.0,73.33000183105469,0.1
2014-06-29,11.260000228881836,82.5,5.21,4982.0,72.72000122070312,0.1
2014-07-06,10.319999694824219,81.8,5.3,4846.0,68.3499984741211,0.08
2014-07-13,12.079999923706055,81.8,5.38,4846.0,79.91000366210938,0.08
2014-07-20,12.0600004196167,81.8,5.55,4846.0,80.37000274658203,0.08
2014-07-27,12.6899995803833,81.8,5.52,4846.0,81.08000183105469,0.08
2014-08-03,17.030000686645508,82.5,6.04,5349.0,101.11000061035156,0.2
2014-08-10,15.770000457763672,82.5,5.92,5349.0,91.83999633789062,0.2
2014-08-17,13.149999618530273,82.5,5.63,5349.0,82.19999694824219,0.2
2014-08-24,11.470000267028809,82.5,5.54,5349.0,79.58000183105469,0.2
2014-08-31,12.09000015258789,82.5,5.55,5349.0,81.11000061035156,0.2
2014-09-07,12.09000015258789,84.6,5.71,4914.0,77.33000183105469,0.04
2014-09-14,13.3100004196167,84.6,5.94,4914.0,89.25,0.04
2014-09-21,12.109999656677246,84.6,5.87,4914.0,77.69999694824219,0.04
2014-09-28,14.850000381469727,84.6,6.25,4914.0,90.62999725341797,0.04
2014-10-05,14.550000190734863,86.9,6.11,5012.0,87.7699966430664,0.06
2014-10-12,21.239999771118164,86.9,6.32,5012.0,113.37999725341797,0.06
2014-10-19,21.989999771118164,86.9,6.22,5012.0,118.83999633789062,0.06
2014-10-26,16.110000610351562,86.9,5.98,5012.0,104.37999725341797,0.06
2014-11-02,14.029999732971191,88.8,6.01,4843.0,94.0999984741211,0.06
2014-11-09,13.119999885559082,88.8,6.04,4843.0,80.44000244140625,0.06
2014-11-16,13.3100004196167,88.8,6.11,4843.0,85.58000183105469,0.06
2014-11-23,12.899999618530273,88.8,6.22,4843.0,79.33999633789062,0.06
2014-11-30,13.329999923706055,88.8,6.27,4843.0,79.83999633789062,0.06
2014-12-07,11.890000343322754,93.6,6.51,5130.0,85.41000366210938,0.36
2014-12-14,21.079999923706055,93.6,7.04,5130.0,138.60000610351562,0.36
2014-12-21,16.489999771118164,93.6,6.77,5130.0,99.16999816894531,0.36
2014-12-28,14.5,93.6,6.68,5130.0,92.27999877929688,0.36
2015-01-04,17.790000915527344,98.1,6.72,5344.0,112.55000305175781,1.1
2015-01-11,17.549999237060547,98.1,6.69,5344.0,103.7699966430664,1.1
2015-01-18,20.950000762939453,98.1,6.71,5344.0,111.31999969482422,1.1
2015-01-25,16.65999984741211,98.1,6.67,5344.0,96.33000183105469,1.1
2015-02-01,20.969999313354492,95.4,6.51,5466.0,108.98999786376953,1.54
2015-02-08,17.290000915527344,95.4,6.29,5466.0,101.69000244140625,1.54
2015-02-15,14.6899995803833,95.4,6.27,5466.0,92.73999786376953,1.54
2015-02-22,14.300000190734863,95.4,6.17,5466.0,85.77999877929688,1.54
2015-03-01,13.34000015258789,93.0,6.01,5210.0,85.2300033569336,1.46
2015-03-08,15.199999809265137,93.0,6.16,5210.0,86.87999725341797,1.46
2015-03-15,16.0,93.0,6.31,5210.0,93.12000274658203,1.46
2015-03-22,13.020000457763672,93.0,6.27,5210.0,80.48999786376953,1.46
2015-03-29,15.069999694824219,93.0,6.22,5210.0,86.5,1.46
2015-04-05,14.670000076293945,95.9,6.24,5598.0,80.20999908447266,0.94
2015-04-12,12.579999923706055,95.9,6.07,5598.0,78.91000366210938,0.94
2015-04-19,13.890000343322754,95.9,6.02,5598.0,85.97000122070312,0.94
2015-04-26,12.289999961853027,95.9,5.96,5598.0,76.43000030517578,0.94
2015-05-03,12.699999809265137,90.7,6.12,5563.0,79.63999938964844,0.72
2015-05-10,12.859999656677246,90.7,6.12,5563.0,79.44000244140625,0.72
2015-05-17,12.380000114440918,90.7,6.11,5563.0,80.93000030517578,0.72
2015-05-24,12.130000114440918,90.7,6.12,5563.0,75.9800033569336,0.72
2015-05-31,13.84000015258789,90.7,6.14,5563.0,79.06999969482422,0.72
2015-06-07,14.210000038146973,96.1,6.38,5248.0,84.0999984741211,0.68
2015-06-14,13.779999732971191,96.1,6.43,5248.0,85.55000305175781,0.68
2015-06-21,13.960000038146973,96.1,6.39,5248.0,92.16000366210938,0.68
2015-06-28,14.020000457763672,96.1,6.47,5248.0,83.08999633789062,0.68
2015-07-05,16.790000915527344,93.1,6.66,6056.0,105.13999938964844,0.3
2015-07-12,16.829999923706055,93.1,6.75,6056.0,101.19000244140625,0.3
2015-07-19,11.949999809265137,93.1,6.73,6056.0,85.31999969482422,0.3
2015-07-26,13.739999771118164,93.1,7.01,6056.0,88.36000061035156,0.3
2015-08-02,12.119999885559082,91.9,6.99,5467.0,81.7699966430664,0.48
2015-08-09,13.390000343322754,91.9,7.17,5467.0,82.56999969482422,0.48
2015-08-16,12.829999923706055,91.9,7.17,5467.0,89.37999725341797,0.48
2015-08-23,28.030000686645508,91.9,7.38,5467.0,138.57000732421875,0.48
2015-08-30,26.049999237060547,91.9,7.41,5467.0,127.18000030517578,0.48
2015-09-06,27.799999237060547,87.2,7.32,5488.0,123.1500015258789,0.54
2015-09-13,23.200000762939453,87.2,7.23,5488.0,119.08999633789062,0.54
2015-09-20,22.280000686645508,87.2,7.34,5488.0,116.26000213623047,0.54
2015-09-27,23.6200008392334,87.2,7.71,5488.0,110.54000091552734,0.54
2015-10-04,20.940000534057617,90.0,8.23,5773.0,95.06999969482422,0.64
2015-10-11,17.079999923706055,90.0,7.63,5773.0,89.08000183105469,0.64
2015-10-18,15.050000190734863,90.0,7.62,5773.0,97.58000183105469,0.64
2015-10-25,14.460000038146973,90.0,7.47,5773.0,97.20999908447266,0.64
2015-11-01,15.069999694824219,91.3,7.5,5708.0,90.2699966430664,1.06
2015-11-08,14.329999923706055,91.3,7.62,5708.0,85.02999877929688,1.06
2015-11-15,20.079999923706055,91.3,7.98,5708.0,106.05999755859375,1.06
2015-11-22,15.470000267028809,91.3,8.04,5708.0,90.79000091552734,1.06
2015-11-29,15.119999885559082,91.3,8.07,5708.0,88.3499984741211,1.06
2015-12-06,14.8100004196167,92.6,8.15,5845.0,89.19000244140625,0.76
2015-12-13,24.389999389648438,92.6,8.75,5845.0,131.08999633789062,0.76
2015-12-20,20.700000762939453,92.6,8.94,5845.0,118.31999969482422,0.76
2015-12-27,15.739999771118164,92.6,8.83,5845.0,99.87999725341797,0.76
2016-01-03,18.209999084472656,92.0,8.76,6012.0,100.19999694824219,0.64
2016-01-10,27.010000228881836,92.0,8.89,6012.0,116.45999908447266,0.64
2016-01-17,27.020000457763672,92.0,9.42,6012.0,116.41000366210938,0.64
2016-01-24,22.34000015258789,92.0,9.42,6012.0,98.91999816894531,0.64
2016-01-31,20.200000762939453,92.0,9.19,6012.0,89.94999694824219,0.64
2016-02-07,23.3799991607666,91.7,9.45,5770.0,100.55000305175781,0.72
2016-02-14,25.399999618530273,91.7,9.93,5770.0,103.25,0.72
2016-02-21,20.530000686645508,91.7,9.53,5770.0,86.25,0.72
2016-02-28,19.809999465942383,91.7,9.12,5770.0,83.72000122070312,0.72
2016-03-06,16.860000610351562,91.0,8.56,6129.0,81.97000122070312,0.82
2016-03-13,16.5,91.0,8.38,6129.0,92.3499984741211,0.82
2016-03-20,14.020000457763672,91.0,8.14,6129.0,86.19999694824219,0.82
2016-03-27,14.739999771118164,91.0,8.39,6129.0,84.19999694824219,0.82
2016-04-03,13.100000381469727,89.0,8.38,5803.0,81.56999969482422,0.58
2016-04-10,15.359999656677246,89.0,8.3,5803.0,89.7300033569336,0.58
2016-04-17,13.619999885559082,89.0,7.91,5803.0,90.2699966430664,0.58
2016-04-24,13.220000267028809,89.0,7.72,5803.0,84.0999984741211,0.58
2016-05-01,15.699999809265137,94.7,7.58,5777.0,91.68000030517578,0.36
2016-05-08,14.720000267028809,94.7,7.8,5777.0,88.86000061035156,0.36
2016-05-15,15.039999961853027,94.7,7.7,5777.0,94.0,0.36
2016-05-22,15.199999809265137,94.7,7.65,5777.0,85.45999908447266,0.36
2016-05-29,13.119999885559082,94.7,7.5,5777.0,76.16999816894531,0.36
2016-06-05,13.470000267028809,93.5,7.4,5742.0,79.08000183105469,0.12
2016-06-12,17.030000686645508,93.5,7.24,5742.0,103.77999877929688,0.12
2016-06-19,19.40999984741211,93.5,7.42,5742.0,115.72000122070312,0.12
2016-06-26,25.760000228881836,93.5,7.49,5742.0,125.12999725341797,0.12
2016-07-03,14.770000457763672,90.0,7.22,5962.0,91.69999694824219,0.14
2016-07-10,13.199999809265137,90.0,6.93,5962.0,84.72000122070312,0.14
2016-07-17,12.670000076293945,90.0,6.67,5962.0,89.04000091552734,0.14
2016-07-24,12.020000457763672,90.0,6.62,5962.0,89.51000213623047,0.14
2016-07-31,11.869999885559082,90.0,6.83,5962.0,90.83999633789062,0.14
2016-08-07,11.390000343322754,89.8,6.69,5677.0,85.2300033569336,0.18
2016-08-14,11.550000190734863,89.8,6.54,5677.0,94.48999786376953,0.18
2016-08-21,11.34000015258789,89.8,6.4,5677.0,82.44000244140625,0.18
2016-08-28,13.649999618530273,89.8,6.37,5677.0,88.62000274658203,0.18
2016-09-04,11.979999542236328,91.2,6.38,5868.0,81.3499984741211,0.22
2016-09-11,17.5,91.2,6.43,5868.0,110.0199966430664,0.22
2016-09-18,15.369999885559082,91.2,6.59,5868.0,102.58999633789062,0.22
2016-09-25,12.289999961853027,91.2,6.36,5868.0,90.4000015258789,0.22
2016-10-02,13.289999961853027,87.2,6.24,5591.0,91.41999816894531,0.2
2016-10-09,13.479999542236328,87.2,6.15,5591.0,90.86000061035156,0.2
2016-10-16,16.1200008392334,87.2,6.13,5591.0,101.01000213623047,0.2
2016-10-23,13.34000015258789,87.2,5.99,5591.0,87.33999633789062,0.2
2016-10-30,16.190000534057617,87.2,6.19,5591.0,99.44000244140625,0.2
2016-11-06,22.510000228881836,93.8,6.57,5971.0,120.2300033569336,0.22
2016-11-13,14.170000076293945,93.8,6.62,5971.0,97.22000122070312,0.22
2016-11-20,12.850000381469727,93.8,6.7,5971.0,86.4000015258789,0.22
2016-11-27,12.34000015258789,93.8,6.55,5971.0,82.6500015258789,0.22
2016-12-04,14.119999885559082,98.2,6.56,5964.0,98.06999969482422,0.02
2016-12-11,11.75,98.2,6.25,5964.0,89.4000015258789,0.02
2016-12-18,12.199999809265137,98.2,6.31,5964.0,93.79000091552734,0.02
2016-12-25,11.4399995803833,98.2,6.21,5964.0,87.63999938964844,0.02
2017-01-01,14.039999961853027,98.5,6.19,5617.0,91.5999984741211,0.2
2017-01-08,11.319999694824219,98.5,5.95,5617.0,80.58999633789062,0.2
2017-01-15,11.229999542236328,98.5,5.95,5617.0,92.9000015258789,0.2
2017-01-22,11.539999961853027,98.5,6.0,5617.0,83.62999725341797,0.2
2017-01-29,10.579999923706055,98.5,5.9,5617.0,83.62999725341797,0.2
2017-02-05,10.970000267028809,96.3,5.84,5923.0,88.97000122070312,0.22
2017-02-12,10.850000381469727,96.3,5.84,5923.0,85.7699966430664,0.22
2017-02-19,11.489999771118164,96.3,5.8,5923.0,81.25,0.22
2017-02-26,11.470000267028809,96.3,5.68,5923.0,83.30999755859375,0.22
2017-03-05,10.960000038146973,96.9,5.66,5811.0,81.19000244140625,0.0
2017-03-12,11.65999984741211,96.9,6.03,5811.0,80.2699966430664,0.0
2017-03-19,11.279999732971191,96.9,5.96,5811.0,78.66000366210938,0.0
2017-03-26,12.960000038146973,96.9,6.03,5811.0,89.73999786376953,0.0
2017-04-02,12.369999885559082,97.0,5.9,6091.0,78.30999755859375,0.02
2017-04-09,12.869999885559082,97.0,5.82,6091.0,89.38999938964844,0.02
2017-04-16,15.960000038146973,97.0,5.85,6091.0,115.54000091552734,0.02
2017-04-23,14.630000114440918,97.0,5.79,6091.0,95.41000366210938,0.02
2017-04-30,10.819999694824219,97.0,5.7,6091.0,77.08999633789062,0.02
2017-05-07,10.569999694824219,97.1,5.77,5826.0,80.6500015258789,0.04
2017-05-14,10.399999618530273,97.1,5.69,5826.0,82.5,0.04
2017-05-21,12.039999961853027,97.1,5.62,5826.0,87.20999908447266,0.04
2017-05-28,9.8100004196167,97.1,5.52,5826.0,81.80999755859375,0.04
2017-06-04,9.75,95.0,5.49,6305.0,83.62000274658203,0.22
2017-06-11,10.699999809265137,95.0,5.57,6305.0,87.41000366210938,0.22
2017-06-18,10.380000114440918,95.0,5.56,6305.0,87.0,0.22
2017-06-25,10.020000457763672,95.0,5.66,6305.0,84.5199966430664,0.22
2017-07-02,11.180000305175781,93.4,5.71,6238.0,90.43000030517578,0.18
2017-07-09,11.1899995803833,93.4,5.84,6238.0,92.5,0.18
2017-07-16,9.510000228881836,93.4,5.65,6238.0,82.19999694824219,0.18
2017-07-23,9.359999656677246,93.4,5.49,6238.0,77.86000061035156,0.18
2017-07-30,10.289999961853027,93.4,5.47,6238.0,87.19999694824219,0.18
2017-08-06,10.029999732971191,96.8,5.51,6276.0,87.38999938964844,0.12
2017-08-13,15.510000228881836,96.8,5.8,6276.0,127.43000030517578,0.12
2017-08-20,14.260000228881836,96.8,5.79,6276.0,114.38999938964844,0.12
2017-08-27,11.279999732971191,96.8,5.69,6276.0,95.52999877929688,0.12
2017-09-03,10.130000114440918,95.1,5.63,6320.0,93.5999984741211,0.02
2017-09-10,12.119999885559082,95.1,5.64,6320.0,100.12000274658203,0.02
2017-09-17,10.170000076293945,95.1,5.58,6320.0,90.62999725341797,0.02
2017-09-24,9.59000015258789,95.1,5.55,6320.0,93.29000091552734,0.02
2017-10-01,9.510000228881836,100.7,5.53,6408.0,93.13999938964844,0.0
2017-10-08,9.649999618530273,100.7,5.53,6408.0,97.08999633789062,0.0
2017-10-15,9.609999656677246,100.7,5.55,6408.0,97.80000305175781,0.0
2017-10-22,9.970000267028809,100.7,5.47,6408.0,90.52999877929688,0.0
2017-10-29,9.800000190734863,100.7,5.51,6408.0,92.77999877929688,0.0
2017-11-05,9.140000343322754,98.5,5.56,6271.0,89.68000030517578,0.02
2017-11-12,11.289999961853027,98.5,5.85,6271.0,104.76000213623047,0.02
2017-11-19,11.430000305175781,98.5,5.84,6271.0,97.12000274658203,0.02
2017-11-26,9.670000076293945,98.5,5.76,6271.0,86.31999969482422,0.02
2017-12-03,11.430000305175781,95.9,5.77,6336.0,95.02999877929688,0.1
2017-12-10,9.579999923706055,95.9,5.8,6336.0,91.88999938964844,0.1
2017-12-17,9.420000076293945,95.9,5.79,6336.0,92.19999694824219,0.1
2017-12-24,9.899999618530273,95.9,5.82,6336.0,94.9000015258789,0.1
2017-12-31,11.039999961853027,95.9,5.84,6336.0,100.76000213623047,0.1
2018-01-07,9.220000267028809,95.7,5.64,6621.0,93.0999984741211,0.28
2018-01-14,10.15999984741211,95.7,5.72,6621.0,92.22000122070312,0.28
2018-01-21,11.270000457763672,95.7,5.77,6621.0,101.58999633789062,0.28
2018-01-28,11.079999923706055,95.7,5.69,6621.0,98.6500015258789,0.28
2018-02-04,17.309999465942383,99.7,5.96,6552.0,125.51000213623047,0.06
2018-02-11,29.059999465942383,99.7,6.36,6552.0,167.27999877929688,0.06
2018-02-18,19.459999084472656,99.7,6.13,6552.0,121.19999694824219,0.06
2018-02-25,16.489999771118164,99.7,6.2,6552.0,110.19000244140625,0.06
2018-03-04,19.59000015258789,101.4,6.29,6818.0,114.77999877929688,0.02
2018-03-11,14.640000343322754,101.4,6.2,6818.0,99.70999908447266,0.02
2018-03-18,15.800000190734863,101.4,6.24,6818.0,106.48999786376953,0.02
2018-03-25,24.8700008392334,101.4,6.36,6818.0,129.82000732421875,0.02
2018-04-01,19.969999313354492,98.8,6.3,6877.0,103.31999969482422,0.04
2018-04-08,21.489999771118164,98.8,6.24,6877.0,98.5999984741211,0.04
2018-04-15,17.40999984741211,98.8,6.05,6877.0,93.94000244140625,0.04
2018-04-22,16.8799991607666,98.8,6.11,6877.0,99.20999908447266,0.04
2018-04-29,15.40999984741211,98.8,6.22,6877.0,92.1500015258789,0.04
2018-05-06,14.770000457763672,98.0,6.27,7016.0,88.12000274658203,0.22
2018-05-13,12.649999618530273,98.0,6.23,7016.0,90.02999877929688,0.22
2018-05-20,13.420000076293945,98.0,6.29,7016.0,94.76000213623047,0.22
2018-05-27,13.220000267028809,98.0,6.29,7016.0,93.77999877929688,0.22
2018-06-03,13.460000038146973,98.2,6.3,7230.0,93.30000305175781,0.04
2018-06-10,12.180000305175781,98.2,6.24,7230.0,93.48999786376953,0.04
2018-06-17,11.979999542236328,98.2,6.12,7230.0,101.66000366210938,0.04
2018-06-24,13.770000457763672,98.2,6.15,7230.0,102.48999786376953,0.04
2018-07-01,16.09000015258789,97.9,6.44,7190.0,105.97000122070312,0.06
2018-07-08,13.369999885559082,97.9,6.47,7190.0,95.73999786376953,0.06
2018-07-15,12.180000305175781,97.9,6.35,7190.0,99.80999755859375,0.06
2018-07-22,12.859999656677246,97.9,6.32,7190.0,102.76000213623047,0.06
2018-07-29,13.029999732971191,97.9,6.26,7190.0,97.1500015258789,0.06
2018-08-05,11.640000343322754,96.2,6.26,7208.0,86.5999984741211,0.04
2018-08-12,13.15999984741211,96.2,6.25,7208.0,99.06999969482422,0.04
2018-08-19,12.640000343322754,96.2,6.24,7208.0,101.80999755859375,0.04
2018-08-26,11.989999771118164,96.2,6.19,7208.0,93.94999694824219,0.04
2018-09-02,12.859999656677246,100.1,6.25,7411.0,92.7300033569336,0.32
2018-09-09,14.880000114440918,100.1,6.31,7411.0,102.37999725341797,0.32
2018-09-16,12.069999694824219,100.1,6.19,7411.0,88.06999969482422,0.32
2018-09-23,11.680000305175781,100.1,6.2,7411.0,90.19999694824219,0.32
2018-09-30,12.119999885559082,100.1,6.23,7411.0,87.30999755859375,0.32
2018-10-07,14.819999694824219,98.6,6.4,7304.0,102.62999725341797,0.38
2018-10-14,21.309999465942383,98.6,6.54,7304.0,124.80999755859375,0.38
2018-10-21,19.889999389648438,98.6,6.56,7304.0,114.94999694824219,0.38
2018-10-28,24.15999984741211,98.6,6.77,7304.0,110.48999786376953,0.38
2018-11-04,19.510000228881836,97.5,6.78,7594.0,102.37999725341797,0.32
2018-11-11,17.360000610351562,97.5,6.78,7594.0,100.55000305175781,0.32
2018-11-18,18.139999389648438,97.5,7.1,7594.0,101.93000030517578,0.32
2018-11-25,21.520000457763672,97.5,7.2,7594.0,99.29000091552734,0.32
2018-12-02,18.06999969482422,98.3,7.19,7489.0,93.58999633789062,0.36
2018-12-09,23.229999542236328,98.3,7.25,7489.0,96.48999786376953,0.36
2018-12-16,21.6299991607666,98.3,7.24,7489.0,96.44999694824219,0.36
2018-12-23,30.110000610351562,98.3,7.91,7489.0,106.61000061035156,0.36
2018-12-30,28.34000015258789,98.3,7.91,7489.0,91.23999786376953,0.36
2019-01-06,21.3799991607666,91.2,7.58,7517.0,84.44000244140625,0.84
2019-01-13,18.190000534057617,91.2,7.13,7517.0,83.8499984741211,0.84
2019-01-20,17.799999237060547,91.2,6.93,7517.0,82.48999786376953,0.84
2019-01-27,17.420000076293945,91.2,6.96,7517.0,83.37999725341797,0.84
2019-02-03,16.139999389648438,93.8,6.85,7072.0,80.0,0.88
2019-02-10,15.720000267028809,93.8,6.82,7072.0,82.69999694824219,0.88
2019-02-17,14.90999984741211,93.8,6.65,7072.0,80.44999694824219,0.88
2019-02-24,13.510000228881836,93.8,6.56,7072.0,74.9800033569336,0.88
2019-03-03,13.569999694824219,98.4,6.48,7337.0,79.2699966430664,0.54
2019-03-10,16.049999237060547,98.4,6.68,7337.0,87.23999786376953,0.54
2019-03-17,12.880000114440918,98.4,6.42,7337.0,82.94000244140625,0.54
2019-03-24,16.479999542236328,98.4,6.37,7337.0,98.5,0.54
2019-03-31,13.710000038146973,98.4,6.36,7337.0,85.81999969482422,0.54
2019-04-07,12.819999694824219,97.2,6.23,7191.0,79.0999984741211,0.62
2019-04-14,12.010000228881836,97.2,6.11,7191.0,84.9800033569336,0.62
2019-04-21,12.09000015258789,97.2,6.14,7191.0,84.41000366210938,0.62
2019-04-28,12.729999542236328,97.2,6.11,7191.0,84.08999633789062,0.62
2019-05-05,12.869999885559082,100.0,6.11,7311.0,86.2300033569336,0.36
2019-05-12,16.040000915527344,100.0,6.32,7311.0,96.01000213623047,0.36
2019-05-19,15.960000038146973,100.0,6.32,7311.0,99.12000274658203,0.36
2019-05-26,15.850000381469727,100.0,6.35,7311.0,90.19000244140625,0.36
2019-06-02,18.709999084472656,98.2,6.6,7139.0,96.72000122070312,0.3
2019-06-09,16.299999237060547,98.2,6.3,7139.0,86.0,0.3
2019-06-16,15.279999732971191,98.2,6.15,7139.0,82.56999969482422,0.3
2019-06-23,15.399999618530273,98.2,5.83,7139.0,83.13999938964844,0.3
2019-06-30,15.079999923706055,98.2,5.9,7139.0,85.77999877929688,0.3
2019-07-07,13.279999732971191,98.4,5.89,7051.0,80.04000091552734,0.22
2019-07-14,12.390000343322754,98.4,5.95,7051.0,86.13999938964844,0.22
2019-07-21,14.449999809265137,98.4,5.95,7051.0,86.7699966430664,0.22
2019-07-28,12.15999984741211,98.4,5.82,7051.0,83.11000061035156,0.22
2019-08-04,17.610000610351562,89.8,5.94,7172.0,102.69000244140625,0.16
2019-08-11,17.969999313354492,89.8,5.96,7172.0,101.5199966430664,0.16
2019-08-18,18.469999313354492,89.8,5.96,7172.0,110.31999969482422,0.16
2019-08-25,19.8700008392334,89.8,5.74,7172.0,111.37000274658203,0.16
2019-09-01,18.979999542236328,93.2,5.59,7160.0,102.66000366210938,0.82
2019-09-08,15.0,93.2,5.54,7160.0,94.4000015258789,0.82
2019-09-15,13.739999771118164,93.2,5.64,7160.0,98.93000030517578,0.82
2019-09-22,15.319999694824219,93.2,5.52,7160.0,101.02999877929688,0.82
2019-09-29,17.219999313354492,93.2,5.62,7160.0,103.19999694824219,0.82
2019-10-06,17.040000915527344,95.5,5.8,7325.0,95.19000244140625,1.54
2019-10-13,15.579999923706055,95.5,5.75,7325.0,97.69999694824219,1.54
2019-10-20,14.25,95.5,5.64,7325.0,91.19999694824219,1.54
2019-10-27,12.649999618530273,95.5,5.57,7325.0,83.81999969482422,1.54
2019-11-03,12.300000190734863,96.8,5.71,6919.0,85.69000244140625,0.58
2019-11-10,12.069999694824219,96.8,5.78,6919.0,89.05999755859375,0.58
2019-11-17,12.050000190734863,96.8,5.75,6919.0,93.3499984741211,0.58
2019-11-24,12.34000015258789,96.8,5.8,6919.0,94.4000015258789,0.58
2019-12-01,12.619999885559082,99.3,5.7,6709.0,91.05000305175781,0.76
2019-12-08,13.619999885559082,99.3,5.62,6709.0,96.5199966430664,0.76
2019-12-15,12.630000114440918,99.3,5.42,6709.0,96.61000061035156,0.76
2019-12-22,12.510000228881836,99.3,5.29,6709.0,99.29000091552734,0.76
2019-12-29,13.430000305175781,99.3,5.27,6709.0,99.62999725341797,0.76
2020-01-05,14.020000457763672,99.8,5.25,7184.0,93.79000091552734,0.28
2020-01-12,12.5600004196167,99.8,5.17,7184.0,88.33000183105469,0.28
2020-01-19,12.100000381469727,99.8,5.06,7184.0,91.75,0.28
2020-01-26,14.5600004196167,99.8,5.23,7184.0,98.43000030517578,0.28
2020-02-02,18.84000015258789,101.0,5.43,6995.0,105.5999984741211,0.06
2020-02-09,15.470000267028809,101.0,5.21,6995.0,96.01000213623047,0.06
2020-02-16,13.680000305175781,101.0,5.03,6995.0,98.16999816894531,0.06
2020-02-23,17.079999923706055,101.0,5.02,6995.0,104.86000061035156,0.06
2020-03-01,40.11000061035156,89.1,6.07,5794.0,125.7300033569336,100.0
2020-03-08,41.939998626708984,89.1,6.27,5794.0,127.16000366210938,100.0
2020-03-15,57.83000183105469,89.1,8.1,5794.0,171.27999877929688,100.0
2020-03-22,66.04000091552734,89.1,10.75,5794.0,187.17999267578125,100.0
2020-03-29,65.54000091552734,89.1,9.46,5794.0,168.7100067138672,100.0
2020-04-05,46.79999923706055,71.8,9.84,4686.0,143.52000427246094,100.0
2020-04-12,41.66999816894531,71.8,8.42,4686.0,137.75,100.0
2020-04-19,38.150001525878906,71.8,7.73,4686.0,127.1500015258789,100.0
2020-04-26,35.93000030517578,71.8,8.43,4686.0,119.87999725341797,100.0
2020-05-03,37.189998626708984,72.3,8.13,5581.0,122.1500015258789,0.02
2020-05-10,27.979999542236328,72.3,7.92,5581.0,115.6500015258789,0.02
2020-05-17,31.889999389648438,72.3,8.16,5581.0,133.02000427246094,0.02
2020-05-24,28.15999984741211,72.3,7.46,5581.0,118.37999725341797,0.02
2020-05-31,27.510000228881836,72.3,6.92,5581.0,105.5999984741211,0.02
2020-06-07,24.520000457763672,78.1,6.05,6119.0,107.58999633789062,0.0
2020-06-14,36.09000015258789,78.1,6.69,6119.0,151.60000610351562,0.0
2020-06-21,35.119998931884766,78.1,6.43,6119.0,138.35000610351562,0.0
2020-06-28,34.72999954223633,78.1,6.78,6119.0,128.6300048828125,0.0
2020-07-05,27.68000030517578,72.5,6.56,6514.0,115.47000122070312,0.0
2020-07-12,27.290000915527344,72.5,6.51,6514.0,109.70999908447266,0.0
2020-07-19,25.68000030517578,72.5,6.09,6514.0,117.97000122070312,0.0
2020-07-26,25.84000015258789,72.5,5.63,6514.0,117.22000122070312,0.0
2020-08-02,24.459999084472656,74.1,5.45,6360.0,112.04000091552734,0.0
2020-08-09,22.209999084472656,74.1,5.37,6360.0,108.18000030517578,0.0
2020-08-16,22.049999237060547,74.1,5.65,6360.0,114.3499984741211,0.0
2020-08-23,22.540000915527344,74.1,5.6,6360.0,111.25,0.0
2020-08-30,22.959999084472656,74.1,5.37,6360.0,111.55999755859375,0.0
2020-09-06,30.75,80.4,5.53,6512.0,122.13999938964844,0.02
2020-09-13,26.8700008392334,80.4,5.56,6512.0,113.94999694824219,0.02
2020-09-20,25.829999923706055,80.4,5.53,6512.0,101.19000244140625,0.02
2020-09-27,26.3799991607666,80.4,5.99,6512.0,99.63999938964844,0.02
2020-10-04,27.6299991607666,81.8,5.76,6820.0,102.72000122070312,0.08
2020-10-11,25.0,81.8,5.35,6820.0,109.22000122070312,0.08
2020-10-18,27.40999984741211,81.8,5.35,6820.0,115.91999816894531,0.08
2020-10-25,27.549999237060547,81.8,5.33,6820.0,118.94000244140625,0.08
2020-11-01,38.02000045776367,76.9,5.79,6875.0,145.24000549316406,0.3
2020-11-08,24.860000610351562,76.9,5.13,6875.0,113.12999725341797,0.3
2020-11-15,23.100000381469727,76.9,5.13,6875.0,114.38999938964844,0.3
2020-11-22,23.700000762939453,76.9,4.95,6875.0,113.98999786376953,0.3
2020-11-29,20.84000015258789,76.9,4.81,6875.0,106.12000274658203,0.3
2020-12-06,20.790000915527344,80.7,4.56,6854.0,103.72000122070312,0.1
2020-12-13,23.309999465942383,80.7,4.6,6854.0,120.7699966430664,0.1
2020-12-20,21.56999969482422,80.7,4.53,6854.0,110.30000305175781,0.1
2020-12-27,21.530000686645508,80.7,4.54,6854.0,115.26000213623047,0.1
2021-01-03,22.75,79.0,4.34,7175.0,111.86000061035156,0.0
2021-01-10,21.559999465942383,79.0,4.35,7175.0,111.0,0.0
2021-01-17,24.34000015258789,79.0,4.32,7175.0,124.25,0.0
2021-01-24,21.90999984741211,79.0,4.32,7175.0,112.58999633789062,0.0
2021-01-31,33.09000015258789,79.0,4.41,7175.0,137.3300018310547,0.0
2021-02-07,20.8700008392334,76.8,4.18,7760.0,107.63999938964844,0.0
2021-02-14,19.969999313354492,76.8,4.1,7760.0,118.58999633789062,0.0
2021-02-21,22.049999237060547,76.8,4.12,7760.0,117.44999694824219,0.0
2021-02-28,27.950000762939453,76.8,4.46,7760.0,124.95999908447266,0.0
2021-03-07,24.65999984741211,84.9,4.52,8399.0,116.20999908447266,0.0
2021-03-14,20.690000534057617,84.9,4.51,8399.0,111.7300033569336,0.0
2021-03-21,20.950000762939453,84.9,4.67,8399.0,115.94999694824219,0.0
2021-03-28,18.860000610351562,84.9,4.44,8399.0,103.26000213623047,0.0
2021-04-04,17.329999923706055,88.3,4.35,9288.0,98.97000122070312,0.62
2021-04-11,16.690000534057617,88.3,4.23,9288.0,102.05999755859375,0.62
2021-04-18,16.25,88.3,4.16,9288.0,107.80000305175781,0.62
2021-04-25,17.329999923706055,88.3,4.22,9288.0,108.36000061035156,0.62
2021-05-02,18.610000610351562,82.9,4.28,9840.0,109.22000122070312,0.26
2021-05-09,16.690000534057617,82.9,4.2,9840.0,107.02999877929688,0.26
2021-05-16,18.809999465942383,82.9,4.32,9840.0,117.55999755859375,0.26
2021-05-23,20.149999618530273,82.9,4.33,9840.0,124.22000122070312,0.26
2021-05-30,16.760000228881836,82.9,4.22,9840.0,105.41000366210938,0.26
2021-06-06,16.420000076293945,85.5,4.21,10069.0,108.16000366210938,0.06
2021-06-13,15.649999618530273,85.5,4.08,10069.0,116.12000274658203,0.06
2021-06-20,20.700000762939453,85.5,4.14,10069.0,128.8300018310547,0.06
2021-06-27,15.619999885559082,85.5,4.04,10069.0,105.91000366210938,0.06
2021-07-04,15.069999694824219,81.2,3.99,10882.0,106.11000061035156,0.02
2021-07-11,16.18000030517578,81.2,3.95,10882.0,112.62000274658203,0.02
2021-07-18,18.450000762939453,81.2,4.04,10882.0,128.88999938964844,0.02
2021-07-25,17.200000762939453,81.2,4.03,10882.0,114.91999816894531,0.02
2021-08-01,18.239999771118164,70.3,4.12,10960.0,116.18000030517578,0.08
2021-08-08,16.149999618530273,70.3,4.17,10960.0,112.0,0.08
2021-08-15,15.449999809265137,70.3,4.22,10960.0,117.80999755859375,0.08
2021-08-22,18.559999465942383,70.3,4.21,10960.0,120.51000213623047,0.08
2021-08-29,16.389999389648438,70.3,4.02,10960.0,109.62000274658203,0.08
2021-09-05,16.40999984741211,72.8,4.01,10882.0,105.4800033569336,0.26
2021-09-12,20.950000762939453,72.8,4.0,10882.0,124.9800033569336,0.26
2021-09-19,20.809999465942383,72.8,3.96,10882.0,118.9000015258789,0.26
2021-09-26,17.75,72.8,4.05,10882.0,103.06999969482422,0.26
2021-10-03,21.100000381469727,71.7,4.2,11368.0,112.61000061035156,0.0
2021-10-10,18.770000457763672,71.7,4.32,11368.0,107.2699966430664,0.0
2021-10-17,16.299999237060547,71.7,4.27,11368.0,106.76000213623047,0.0
2021-10-24,15.430000305175781,71.7,4.3,11368.0,106.08000183105469,0.0
2021-10-31,16.260000228881836,71.7,4.36,11368.0,105.16999816894531,0.0
2021-11-07,16.479999542236328,67.4,4.21,11232.0,110.20999908447266,0.1
2021-11-14,16.290000915527344,67.4,4.32,11232.0,112.11000061035156,0.1
2021-11-21,17.90999984741211,67.4,4.44,11232.0,113.73999786376953,0.1
2021-11-28,28.6200008392334,67.4,4.8,11232.0,149.74000549316406,0.1
2021-12-05,30.670000076293945,70.6,4.67,11826.0,156.10000610351562,0.2
2021-12-12,18.690000534057617,70.6,4.53,11826.0,113.8499984741211,0.2
2021-12-19,21.56999969482422,70.6,4.53,11826.0,136.05999755859375,0.2
2021-12-26,17.959999084472656,70.6,4.36,11826.0,120.45999908447266,0.2
2022-01-02,17.219999313354492,67.2,4.35,11487.0,109.66999816894531,0.06
2022-01-09,18.760000228881836,67.2,4.69,11487.0,113.86000061035156,0.06
2022-01-16,19.190000534057617,67.2,4.62,11487.0,117.56999969482422,0.06
2022-01-23,28.850000381469727,67.2,4.8,11487.0,149.5,0.06
2022-01-30,27.65999984741211,67.2,5.19,11487.0,132.44000244140625,0.06
2022-02-06,23.219999313354492,62.8,5.31,11601.0,124.88999938964844,0.02
2022-02-13,27.360000610351562,62.8,5.5,11601.0,141.1699981689453,0.02
2022-02-20,27.75,62.8,5.58,11601.0,133.63999938964844,0.02
2022-02-27,27.59000015258789,62.8,5.48,11601.0,117.76000213623047,0.02
2022-03-06,31.979999542236328,59.4,5.55,12027.0,127.8499984741211,0.06
2022-03-13,30.75,59.4,5.99,12027.0,125.58000183105469,0.06
2022-03-20,23.8700008392334,59.4,5.9,12027.0,106.73999786376953,0.06
2022-03-27,20.809999465942383,59.4,6.0,12027.0,109.20999908447266,0.06
2022-04-03,19.6299991607666,65.2,5.86,11755.0,112.22000122070312,0.1
2022-04-10,21.15999984741211,65.2,6.26,11755.0,112.13999938964844,0.1
2022-04-17,22.700000762939453,65.2,6.36,11755.0,114.75,0.1
2022-04-24,28.209999084472656,65.2,6.52,11755.0,122.37000274658203,0.1
2022-05-01,33.400001525878906,58.4,6.84,11443.0,121.9800033569336,0.2
2022-05-08,30.190000534057617,58.4,7.19,11443.0,116.77999877929688,0.2
2022-05-15,28.8700008392334,58.4,7.49,11443.0,113.88999938964844,0.2
2022-05-22,29.43000030517578,58.4,7.67,11443.0,107.80000305175781,0.2
2022-05-29,25.719999313354492,58.4,6.88,11443.0,93.66000366210938,0.2
2022-06-05,24.790000915527344,50.0,7.12,10961.0,90.5,0.12
2022-06-12,27.75,50.0,7.71,10961.0,99.75,0.12
2022-06-19,31.1299991607666,50.0,8.45,10961.0,110.05999755859375,0.12
2022-06-26,27.229999542236328,50.0,8.32,10961.0,91.33999633789062,0.12
2022-07-03,26.700000762939453,51.5,8.83,11380.0,85.51000213623047,0.02
2022-07-10,24.639999389648438,51.5,8.51,11380.0,84.73999786376953,0.02
2022-07-17,24.229999542236328,51.5,8.44,11380.0,89.37000274658203,0.02
2022-07-24,23.030000686645508,51.5,7.83,11380.0,84.52999877929688,0.02
2022-07-31,21.329999923706055,51.5,7.56,11380.0,80.29000091552734,0.02
2022-08-07,21.149999618530273,58.2,7.44,10198.0,84.12999725341797,0.1
2022-08-14,19.530000686645508,58.2,7.26,10198.0,91.01000213623047,0.1
2022-08-21,20.600000381469727,58.2,7.58,10198.0,89.7699966430664,0.1
2022-08-28,25.559999465942383,58.2,7.87,10198.0,91.66000366210938,0.1
2022-09-04,25.469999313354492,58.6,8.39,10854.0,89.19000244140625,0.14
2022-09-11,22.790000915527344,58.6,8.05,10854.0,84.08999633789062,0.14
2022-09-18,26.299999237060547,58.6,8.64,10854.0,92.41999816894531,0.14
2022-09-25,29.920000076293945,58.6,9.09,10854.0,101.55000305175781,0.14
2022-10-02,31.6200008392334,59.9,9.5,10471.0,106.19000244140625,0.42
2022-10-09,31.360000610351562,59.9,9.17,10471.0,103.37000274658203,0.42
2022-10-16,32.02000045776367,59.9,9.43,10471.0,101.94000244140625,0.42
2022-10-23,29.690000534057617,59.9,9.36,10471.0,87.31999969482422,0.42
2022-10-30,25.75,59.9,8.73,10471.0,78.12000274658203,0.42
2022-11-06,24.549999237060547,56.8,9.17,10746.0,79.23999786376953,1.48
2022-11-13,22.520000457763672,56.8,8.82,10746.0,85.88999938964844,1.48
2022-11-20,23.1200008392334,56.8,8.73,10746.0,77.68000030517578,1.48
2022-11-27,20.5,56.8,8.5,10746.0,82.5,1.48
2022-12-04,19.059999465942383,59.7,8.27,11234.0,81.56999969482422,1.42
2022-12-11,22.829999923706055,59.7,8.33,11234.0,87.26000213623047,1.42
2022-12-18,22.6200008392334,59.7,8.4,11234.0,89.1500015258789,1.42
2022-12-25,20.8700008392334,59.7,8.54,11234.0,78.83999633789062,1.42
2023-01-01,21.670000076293945,59.7,8.87,11234.0,77.05000305175781,1.42
