Date,EURUSD=X,"GARCH(1,1) Volatility"
2003-12-07,1.2186946868896484,
2003-12-14,1.2278977632522583,0.013838696060084966
2003-12-21,1.2384973764419556,0.0133264007136127
2003-12-28,1.243193507194519,0.012926936776147032
2004-01-04,1.2581939697265625,0.012319940100774116
2004-01-11,1.2858924865722656,0.012308033855450458
2004-01-18,1.239802598953247,0.013584844313281951
2004-01-25,1.2583048343658447,0.017255519316434393
2004-02-01,1.2468050718307495,0.01695828496067187
2004-02-08,1.2700024843215942,0.016260988972867294
2004-02-15,1.272799015045166,0.016443715711648214
2004-02-22,1.2542015314102173,0.015546105737522097
2004-02-29,1.2494065761566162,0.015398076561629417
2004-03-07,1.2367972135543823,0.01460099884664336
2004-03-14,1.2224042415618896,0.014169848536002429
2004-03-21,1.2269035577774048,0.0139009275603974
2004-03-28,1.212694525718689,0.013217020411361103
2004-04-04,1.2129004001617432,0.01304382431127223
2004-04-11,1.208605170249939,0.012365974176766461
2004-04-18,1.2002928256988525,0.011785893837249524
2004-04-25,1.1850025653839111,0.011401094775731703
2004-05-02,1.198293685913086,0.011560034140251333
2004-05-09,1.1880011558532715,0.011556357954045677
2004-05-16,1.1881988048553467,0.011309211192207607
2004-05-23,1.2028049230575562,0.010758400458097344
2004-05-30,1.2218068838119507,0.010969184554118274
2004-06-06,1.2275059223175049,0.011579985873524625
2004-06-13,1.2015043497085571,0.011112653805800031
2004-06-20,1.2145060300827026,0.012532799645298904
2004-06-27,1.2203009128570557,0.012381685249823004
2004-07-04,1.2311025857925415,0.011853237700146735
2004-07-11,1.241896629333496,0.011612409761380029
2004-07-18,1.245593786239624,0.01138976579748094
2004-07-25,1.2095993757247925,0.010877272517046845
2004-08-01,1.2016053199768066,0.01387194962305048
2004-08-08,1.2307995557785034,0.013293890067430127
2004-08-15,1.237593173980713,0.014732034718451479
2004-08-22,1.2321947813034058,0.014048652605864666
2004-08-29,1.2019952535629272,0.013365979246925097
2004-09-05,1.205501914024353,0.014874339130506224
2004-09-12,1.2272950410842896,0.01410018464783809
2004-09-19,1.2182048559188843,0.014517779339304824
2004-09-26,1.227596402168274,0.013927270958503855
2004-10-03,1.2414957284927368,0.013416399556415477
2004-10-10,1.2410026788711548,0.013213234392094202
2004-10-17,1.2478941679000854,0.012523102169593011
2004-10-24,1.2690999507904053,0.012017578522784605
2004-10-31,1.2791976928710938,0.012615958627322794
2004-11-07,1.2966973781585693,0.012237652418940677
2004-11-14,1.2970000505447388,0.01240292754479957
2004-11-21,1.3039000034332275,0.011771577996577468
2004-11-28,1.329504370689392,0.011317986085451762
2004-12-05,1.3466018438339233,0.012421529295267771
2004-12-12,1.3215975761413574,0.01247657916041525
2004-12-19,1.3312920331954956,0.013219420287043185
2004-12-26,1.3538029193878174,0.01274844172414116
2005-01-02,1.3565024137496948,0.013221578761431492
2005-01-09,1.3060967922210693,0.01254882407150509
2005-01-16,1.3098949193954468,0.016853575381535486
2005-01-23,1.299899935722351,0.0159396014769952
2005-01-30,1.3044953346252441,0.01524502762389024
2005-02-06,1.2857933044433594,0.014458735399717927
2005-02-13,1.2856941223144531,0.014407788628416565
2005-02-20,1.3068991899490356,0.013632963054984109
2005-02-27,1.3246086835861206,0.013927585322355891
2005-03-06,1.3246963024139404,0.01387064911693757
2005-03-13,1.3472912311553955,0.01313373429775972
2005-03-20,1.332196593284607,0.013567566594939764
2005-03-27,1.2956053018569946,0.013324411546197155
2005-04-03,1.2909055948257446,0.015368014254604715
2005-04-10,1.2934937477111816,0.014568265858013543
2005-04-17,1.2870012521743774,0.013798948115548005
2005-04-24,1.3061991930007935,0.01315796090908614
2005-05-01,1.287597894668579,0.013337806962569818
2005-05-08,1.2811970710754395,0.013412249171871756
2005-05-15,1.2616068124771118,0.012799413403757544
2005-05-22,1.2556977272033691,0.013063079469635863
2005-05-29,1.2581939697265625,0.012466711385405114
2005-06-05,1.223002314567566,0.011849307761471008
2005-06-12,1.2136952877044678,0.014366348312254923
2005-06-19,1.2278977632522583,0.013799368725099558
2005-06-26,1.2098042964935303,0.013587912530489304
2005-07-03,1.193602204322815,0.013684466452547582
2005-07-10,1.1981070041656494,0.013629489218099568
2005-07-17,1.204601526260376,0.012968636036025662
2005-07-24,1.2060980796813965,0.01242049366325172
2005-07-31,1.2124004364013672,0.011795419188480231
2005-08-07,1.2365983724594116,0.01133532581598742
2005-08-14,1.2444931268692017,0.012485473898090559
2005-08-21,1.2154951095581055,0.012025035487605652
2005-08-28,1.2294074296951294,0.013613699112732433
2005-09-04,1.2533055543899536,0.013400091349718346
2005-09-11,1.2410951852798462,0.01410059745266551
2005-09-18,1.223900318145752,0.013691307829796856
2005-09-25,1.2040939331054688,0.013682098524982983
2005-10-02,1.2028049230575562,0.013930678505876341
2005-10-09,1.213003396987915,0.013192599963086105
2005-10-16,1.2077003717422485,0.012795296136103671
2005-10-23,1.1954001188278198,0.012208607658957194
2005-10-30,1.2071025371551514,0.012022067280045172
2005-11-06,1.1813069581985474,0.011838348694053707
2005-11-13,1.1735023260116577,0.013135667799632041
2005-11-20,1.1776067018508911,0.012618471435920266
2005-11-27,1.1724978685379028,0.012026003232467556
2005-12-04,1.1718933582305908,0.011498619441334082
2005-12-11,1.181404709815979,0.010933832329637553
2005-12-18,1.2014031410217285,0.010731176912698369
2005-12-25,1.187197208404541,0.011540851819136208
2006-01-01,1.184104561805725,0.011584259000161194
2006-01-08,1.2154065370559692,0.011039971326618837
2006-01-15,1.2142995595932007,0.013389551802863234
2006-01-22,1.2136069536209106,0.012688892952031648
2006-01-29,1.2093945741653442,0.012036944358002018
2006-02-05,1.2027037143707275,0.011480156929597814
2006-02-12,1.19070303440094,0.01104896499981623
2006-02-19,1.1942009925842285,0.01097173143304276
2006-02-26,1.1878036260604858,0.010491169722031934
2006-03-05,1.204601526260376,0.010137573225460484
2006-03-12,1.1911001205444336,0.010665521186486941
2006-03-19,1.2192000150680542,0.010754701588250013
2006-03-26,1.2034997940063477,0.012649927231487697
2006-04-02,1.2115044593811035,0.01266585725832342
2006-04-09,1.2094969749450684,0.012204352608295322
2006-04-16,1.2111963033676147,0.01159674002387011
2006-04-23,1.234095573425293,0.01103491966692344
2006-04-30,1.2635995149612427,0.01208178795192767
2006-05-07,1.272799015045166,0.013716668348642781
2006-05-14,1.2929919958114624,0.013199556200436202
2006-05-21,1.2766989469528198,0.013481163672956827
2006-05-28,1.2739015817642212,0.013372685255731005
2006-06-04,1.2918059825897217,0.012687453018310962
2006-06-11,1.2640947103500366,0.012834601208795936
2006-06-18,1.2644941806793213,0.013947606748090736
2006-06-25,1.2523951530456543,0.013205898040802768
2006-07-02,1.2782983779907227,0.012869197234106252
2006-07-09,1.2823965549468994,0.013836008406097382
2006-07-16,1.2643983364105225,0.013144047261693487
2006-07-23,1.270599603652954,0.013220598955133545
2006-07-30,1.2751035690307617,0.012630587146230728
2006-08-06,1.2878963947296143,0.012038621243925508
2006-08-13,1.2725075483322144,0.011873461842562261
2006-08-20,1.2828078269958496,0.011888889787574485
2006-08-27,1.2757054567337036,0.011588962839693132
2006-09-03,1.2835981845855713,0.011148677824324734
2006-09-10,1.2672985792160034,0.010795707017407745
2006-09-17,1.2651021480560303,0.011032028972398706
2006-09-24,1.2799999713897705,0.010513626375584966
2006-10-01,1.2662074565887451,0.010700684828362061
2006-10-08,1.260398268699646,0.010741052396633428
2006-10-15,1.250500202178955,0.010329142191291427
2006-10-22,1.2616068124771118,0.010151803245516431
2006-10-29,1.2743074893951416,0.010097240453191244
2006-11-05,1.2706964015960693,0.010160253127384495
2006-11-12,1.2853965759277344,0.009733992246372364
2006-11-19,1.285000205039978,0.010006570060384731
2006-11-26,1.3085066080093384,0.0095551697516588
2006-12-03,1.334098219871521,0.010812975662182258
2006-12-10,1.3394052982330322,0.012006524877336718
2006-12-17,1.3098949193954468,0.011477588117942895
2006-12-24,1.3136979341506958,0.012965183283214962
2006-12-31,1.3198009729385376,0.012330233388073793
2007-01-07,1.2984988689422607,0.0118008116753087
2007-01-14,1.292808175086975,0.012318122206445422
2007-01-21,1.2968990802764893,0.011769187172581104
2007-01-28,1.2928917407989502,0.011232434737908673
2007-02-04,1.2963947057724,0.010727532648716237
2007-02-11,1.3006945848464966,0.010259948434786226
2007-02-18,1.3138015270233154,0.009849507063185922
2007-02-25,1.3168984651565552,0.0099449487105262
2007-03-04,1.3164995908737183,0.009531103568346626
2007-03-11,1.3115957975387573,0.009117363979281515
2007-03-18,1.3318061828613281,0.008810219496496031
2007-03-25,1.3296988010406494,0.009763197778323759
2007-04-01,1.3358982801437378,0.009341909148335215
2007-04-08,1.3401951789855957,0.009071010036593689
2007-04-15,1.3521004915237427,0.008758957334187457
2007-04-22,1.3588987588882446,0.008875696874614885
2007-04-29,1.3655046224594116,0.008670149495553585
2007-05-06,1.3588987588882446,0.008475213808991208
2007-05-13,1.3521004915237427,0.008282809926602136
2007-05-20,1.3512965440750122,0.008119506256825518
2007-05-27,1.3450080156326294,0.007824213531343965
2007-06-03,1.3441944122314453,0.007687447640145938
2007-06-10,1.3360053300857544,0.007430293899414252
2007-06-17,1.3379000425338745,0.007438082010662857
2007-06-24,1.347091555595398,0.007218958315476135
2007-07-01,1.3536012172698975,0.007343863223867176
2007-07-08,1.3629920482635498,0.00728767623020286
2007-07-15,1.3784927129745483,0.00740971354556886
2007-07-22,1.3833937644958496,0.008038561603484108
2007-07-29,1.3636053800582886,0.007836615206316755
2007-08-05,1.3787018060684204,0.008807110753704285
2007-08-12,1.3689066171646118,0.009158939644276644
2007-08-19,1.349400281906128,0.009048783134962516
2007-08-26,1.366698980331421,0.009768271776950457
2007-09-02,1.3642005920410156,0.010185854412170193
2007-09-09,1.3775053024291992,0.009734880412134198
2007-09-16,1.3878093957901,0.009812433100831358
2007-09-23,1.4092049598693848,0.009679167409506417
2007-09-30,1.4264928102493286,0.010463367639884317
2007-10-07,1.4133076667785645,0.010712263132735303
2007-10-14,1.4190032482147217,0.0106075121837238
2007-10-21,1.4296947717666626,0.010194951555162222
2007-10-28,1.4393045902252197,0.010025130762770708
2007-11-04,1.4487924575805664,0.00981383223923722
2007-11-11,1.467502236366272,0.009614977372495146
2007-11-18,1.4634003639221191,0.010068671477948519
2007-11-25,1.480100154876709,0.009648814175160421
2007-12-02,1.469594120979309,0.009915617582992437
2007-12-09,1.4656095504760742,0.009724849630593153
2007-12-16,1.4437098503112793,0.009330966829648705
2007-12-23,1.438807487487793,0.010101001882087473
2007-12-30,1.4718002080917358,0.009696875154145199
2008-01-06,1.4754921197891235,0.011747048567686073
2008-01-13,1.4790055751800537,0.011194634727857207
2008-01-20,1.4617959260940552,0.010681837599604076
2008-01-27,1.467502236366272,0.010814419455668736
2008-02-03,1.4799906015396118,0.010379508590434369
2008-02-10,1.5570987462997437,0.010267391521451716
2008-02-17,1.4676098823547363,0.018851649205946983
2008-02-24,1.4826017618179321,0.025778507140093547
2008-03-02,1.519202709197998,0.024466278912102093
2008-03-09,1.5336012840270996,0.02429274342778873
2008-03-16,1.561792254447937,0.023058180289563555
2008-03-23,1.5697108507156372,0.022467190551995402
2008-03-30,1.5760937929153442,0.021215375112388832
2008-04-06,1.5736879110336304,0.020025769316571542
2008-04-13,1.5822033882141113,0.01887542134299067
2008-04-20,1.5733908414840698,0.017882468452516675
2008-04-27,1.5636972188949585,0.016957311801215683
2008-05-04,1.5434004068374634,0.016120432124066632
2008-05-11,1.5489946603775024,0.01576569751177403
2008-05-18,1.5596001148223877,0.014944233361533627
2008-05-25,1.5785070657730103,0.01430281694918781
2008-06-01,1.5540982484817505,0.014074066448865212
2008-06-08,1.5785070657730103,0.014188945732803538
2008-06-15,1.5369009971618652,0.014321078011593607
2008-06-22,1.5627930164337158,0.01594482922579242
2008-06-29,1.5752992630004883,0.0159785107075098
2008-07-06,1.5713881254196167,0.015311634927264832
2008-07-13,1.5948964357376099,0.014492863896790156
2008-07-20,1.5853890180587769,0.014508860702606879
2008-07-27,1.5672998428344727,0.013850327524509402
2008-08-03,1.5593082904815674,0.01359524294114567
2008-08-10,1.5048909187316895,0.012973050544342581
2008-08-31,1.4670931100845337,0.016626265454162393
2008-09-07,1.4274905920028687,0.017618446690013008
2008-09-14,1.4239943027496338,0.01871978861293688
2008-09-21,1.441794753074646,0.017666173557619617
2008-09-28,1.4598966836929321,0.01713543091343275
2008-10-05,1.3784927129745483,0.016658482837201873
2008-10-12,1.3398001194000244,0.02397714952575507
2008-10-19,1.3422999382019043,0.02427600886780137
2008-10-26,1.2629930973052979,0.02285153477547809
2008-11-02,1.2701960802078247,0.028841280016950546
2008-11-09,1.2714072465896606,0.027176944255170598
2008-11-16,1.2596997022628784,0.025558945478378385
2008-11-23,1.2590969800949097,0.02421449258504695
2008-11-30,1.269792914390564,0.022785404937964458
2008-12-07,1.2716983556747437,0.02162085329284743
2008-12-14,1.33539879322052,0.020367121712968592
2008-12-21,1.392602562904358,0.024668728022264858
2008-12-28,1.4027016162872314,0.026755620436534087
2009-01-04,1.3922922611236572,0.025270077757833034
2009-01-11,1.345496654510498,0.023884376279924773
2009-01-18,1.3292039632797241,0.024921452548173156
2009-01-25,1.2964956760406494,0.023753341767382075
2009-02-01,1.2836971282958984,0.023686481448565354
2009-02-08,1.2927078008651733,0.022504687818489327
2009-02-15,1.2866039276123047,0.021306516802794752
2009-02-22,1.2932929992675781,0.020119109086955
2009-03-01,1.2678931951522827,0.01903235624144086
2009-03-08,1.2638070583343506,0.018992417264041
2009-03-15,1.2929919958114624,0.017932075387149905
2009-03-22,1.3581973314285278,0.018410483259817194
2009-03-29,1.3292039632797241,0.023344207541977746
2009-04-05,1.34890878200531,0.02299291949557979
2009-04-12,1.3175925016403198,0.022147310005410148
2009-04-19,1.3044953346252441,0.022120558829683338
2009-04-26,1.3258028030395508,0.0210588274949766
2009-05-03,1.3268054723739624,0.02049794101911671
2009-05-10,1.3639029264450073,0.01931346753233156
2009-05-17,1.350201964378357,0.020206034215077686
2009-05-24,1.4003052711486816,0.019296980330265636
2009-05-31,1.4157087802886963,0.021556812817700437
2009-06-07,1.3971943855285645,0.02060110581428429
2009-06-14,1.4001091718673706,0.019839531966274682
2009-06-21,1.3947001695632935,0.018709741277998578
2009-06-28,1.4053035974502563,0.017681013968269006
2009-07-05,1.3960046768188477,0.016859616201968557
2009-07-12,1.3933980464935303,0.016047927680867654
2009-07-19,1.4104969501495361,0.015169426292239583
2009-07-26,1.4212015867233276,0.014863215593524987
2009-08-02,1.4260046482086182,0.01426630461181632
2009-08-09,1.419103980064392,0.013547178413642414
2009-08-16,1.42069673538208,0.012918960041816257
2009-08-23,1.4320902824401855,0.01225623315231502
2009-08-30,1.4359976053237915,0.01191587315743236
2009-09-06,1.4294085502624512,0.011355901264712828
2009-09-13,1.4580022096633911,0.010892551003992721
2009-09-20,1.4716053009033203,0.012140945319195661
2009-09-27,1.4684934616088867,0.01190775859852184
2009-10-04,1.4590020179748535,0.011329198499078654
2009-10-11,1.473405122756958,0.010961256515810943
2009-10-18,1.4908016920089722,0.010901980793938181
2009-10-25,1.5010056495666504,0.011040668586067405
2009-11-01,1.4732965230941772,0.010738064281691669
2009-11-08,1.4848912954330444,0.011782568439068383
2009-11-15,1.490890622138977,0.011477308208450308
2009-11-22,1.4863920211791992,0.010993168665418827
2009-11-29,1.4990930557250977,0.010505135752648742
2009-12-06,1.485707402229309,0.010382099677606069
2009-12-13,1.4619027376174927,0.010286956315549536
2009-12-20,1.4349054098129272,0.011042001033058794
2009-12-27,1.4399055242538452,0.012028309347676085
2010-01-03,1.4389938116073608,0.011481083754903238
2010-01-10,1.44110906124115,0.010918066052547328
2010-01-17,1.4390974044799805,0.010408813311195406
2010-01-24,1.414107084274292,0.009933862613307472
2010-01-31,1.3866932392120361,0.010963618223929777
2010-02-07,1.368007779121399,0.012112545368039561
2010-02-14,1.363493800163269,0.012259771190793715
2010-02-21,1.3615074157714844,0.011681042036443597
2010-02-28,1.3631035089492798,0.011109824925402207
2010-03-07,1.3628991842269897,0.010581747696136295
2010-03-14,1.376993179321289,0.010085610481738701
2010-03-21,1.353692889213562,0.010177577542786309
2010-03-28,1.3410038948059082,0.011088941199352208
2010-04-04,1.3504936695098877,0.010953928932778552
2010-04-11,1.3500925302505493,0.01067490159789314
2010-04-18,1.3504024744033813,0.010171742415945676
2010-04-25,1.338401436805725,0.009708021542518762
2010-05-02,1.3298048973083496,0.009686555141185603
2010-05-09,1.2756078243255615,0.009472008446063935
2010-05-16,1.2360023260116577,0.015939186912950255
2010-05-23,1.2567076683044434,0.018036510649813372
2010-05-30,1.227400541305542,0.017819859894589868
2010-06-06,1.1971030235290527,0.018374405899963527
2010-06-13,1.2114017009735107,0.019027093615980605
2010-06-20,1.2392956018447876,0.01833621216294109
2010-06-27,1.2373021841049194,0.018749533920264422
2010-07-04,1.257102608680725,0.0176849332153707
2010-07-11,1.2643983364105225,0.017437889387382773
2010-07-18,1.2931926250457764,0.016561797951487246
2010-07-25,1.291305661201477,0.017202470709513987
2010-08-01,1.3039000034332275,0.016240987809992186
2010-08-08,1.3181308507919312,0.01565267585480109
2010-08-15,1.2829889059066772,0.015195079670709226
2010-08-22,1.2808033227920532,0.016691319571715824
2010-08-29,1.2706480026245117,0.015766868385576532
2010-09-05,1.2825939655303955,0.01510140557845999
2010-09-12,1.269309401512146,0.014591120617471816
2010-09-19,1.3075997829437256,0.014180055364626501
2010-09-26,1.331912636756897,0.016411189975458516
2010-10-03,1.3622123003005981,0.0165731884940134
2010-10-10,1.3927963972091675,0.01720901676569339
2010-10-17,1.4072020053863525,0.01771284362248161
2010-10-24,1.3916915655136108,0.01703434650237352
2010-10-31,1.377808928489685,0.016446712450564293
2010-11-07,1.422798991203308,0.015842298643427583
2010-11-14,1.3621008396148682,0.018117056769896125
2010-11-21,1.365728497505188,0.021927828508946583
2010-11-28,1.3339736461639404,0.02066640420170615
2010-12-05,1.3215975761413574,0.02082529304724752
2010-12-12,1.3242051601409912,0.01983054717820714
2010-12-19,1.323994755744934,0.018700045191559163
2010-12-26,1.31271493434906,0.017632687388348438
2011-01-02,1.3301233053207397,0.01684809054976977
2011-01-09,1.2979933023452759,0.016453594670460196
2011-01-16,1.335327386856079,0.017334835158984947
2011-01-23,1.3468012809753418,0.01867784762591699
2011-01-30,1.3723068237304688,0.017825647070308554
2011-02-06,1.362453579902649,0.01784804456532881
2011-02-13,1.3601926565170288,0.01698510188595092
2011-02-20,1.3626019954681396,0.01604016475450603
2011-02-27,1.381998062133789,0.015164511752759655
2011-03-06,1.3958877325057983,0.015031375459949767
2011-03-13,1.3801289796829224,0.01457074868713962
2011-03-20,1.4032920598983765,0.014232850431338455
2011-03-27,1.4171934127807617,0.014478893538533806
2011-04-03,1.415869116783142,0.014059574655168418
2011-04-10,1.430206060409546,0.013311507888301006
2011-04-17,1.4432096481323242,0.013021613040918267
2011-04-24,1.455498218536377,0.01268291502787406
2011-05-01,1.4844063520431519,0.012335924081915731
2011-05-08,1.454439640045166,0.013279722138301406
2011-05-15,1.423791527748108,0.014119882659933608
2011-05-22,1.4316186904907227,0.014945480986537432
2011-05-29,1.4135074615478516,0.014244790878700826
2011-06-05,1.4486035108566284,0.014056568184789366
2011-06-12,1.451568365097046,0.015424957120080999
2011-06-19,1.419909954071045,0.014595910571455647
2011-06-26,1.427001714706421,0.015448054691033566
2011-07-03,1.4496954679489136,0.014690743768196526
2011-07-10,1.4364513158798218,0.014780390052331777
2011-07-17,1.4157286882400513,0.014268325503339898
2011-07-24,1.4420026540756226,0.014248921053516059
2011-07-31,1.4331985712051392,0.014703862049842597
2011-08-07,1.4067071676254272,0.01403623834391575
2011-08-14,1.4226369857788086,0.014519750856266117
2011-08-21,1.4324390888214111,0.014202753285956864
2011-08-28,1.4372979402542114,0.013623963930879114
2011-09-04,1.4262080192565918,0.012952587954538493
2011-09-11,1.3904144763946533,0.012513824340745315
2011-09-18,1.3869048357009888,0.01431262757550708
2011-09-25,1.348090410232544,0.013565368242280504
2011-10-02,1.3585848808288574,0.015648217533561225
2011-10-09,1.3428946733474731,0.01499691555473494
2011-10-16,1.3735508918762207,0.014637555672141925
2011-10-23,1.377903938293457,0.01559934822950149
2011-10-30,1.4173942804336548,0.014778957019472747
2011-11-06,1.382991909980774,0.016615102266792116
2011-11-13,1.3610072135925293,0.01748643123593472
2011-11-20,1.3458044528961182,0.01724752089961712
2011-11-27,1.3331022262573242,0.016650979627622256
2011-12-04,1.346692442893982,0.015996433704597166
2011-12-11,1.3345433473587036,0.015457957302357685
2011-12-18,1.302965521812439,0.01487977907140142
2011-12-25,1.3056023120880127,0.015958308487937414
2012-01-01,1.2956053018569946,0.01509172973972966
2012-01-08,1.279606819152832,0.014467133845032516
2012-01-15,1.2820513248443604,0.014228246162774323
2012-01-22,1.2964956760406494,0.013481649971909046
2012-01-29,1.3092775344848633,0.013266820040943213
2012-02-05,1.3137152194976807,0.012960847031360209
2012-02-12,1.3278449773788452,0.012339138120084584
2012-02-19,1.3126804828643799,0.012203533539174504
2012-02-26,1.337363362312317,0.01212839219212089
2012-03-04,1.3322675228118896,0.012956787915913495
2012-03-11,1.327492356300354,0.012339531246644905
2012-03-18,1.3078734874725342,0.011762734087013615
2012-03-25,1.3204805850982666,0.012111057549596956
2012-04-01,1.3313806056976318,0.011905650970389455
2012-04-08,1.3065063953399658,0.011615431650079762
2012-04-15,1.318913221359253,0.012527234717608034
2012-04-22,1.314578652381897,0.012267586341519157
2012-04-29,1.319087266921997,0.01168790287324543
2012-05-06,1.3156163692474365,0.011165640605811537
2012-05-13,1.2934937477111816,0.01065426271940044
2012-05-20,1.269841194152832,0.011460385638994274
2012-05-27,1.2536041736602783,0.012340371728095644
2012-06-03,1.2362467050552368,0.0123847244321511
2012-06-10,1.2570710182189941,0.012537697857703188
2012-06-17,1.262785792350769,0.013034850680643409
2012-06-24,1.255177617073059,0.012445613813221736
2012-07-01,1.2440905570983887,0.011956869620361424
2012-07-08,1.2391574382781982,0.011687967454539582
2012-07-15,1.2192742824554443,0.011174221568390638
2012-07-22,1.2276867628097534,0.011779569931737203
2012-07-29,1.2280486822128296,0.011411436055055338
2012-08-05,1.218026876449585,0.010853421141575597
2012-08-12,1.2294074296951294,0.010645260474846537
2012-08-19,1.2357884645462036,0.010574907335825242
2012-08-26,1.2561235427856445,0.010218878753028245
2012-09-02,1.2510946989059448,0.011054149306989067
2012-09-09,1.2632642984390259,0.010592832753355402
2012-09-16,1.299376368522644,0.010563207646431209
2012-09-23,1.2973533868789673,0.013477421018962515
2012-09-30,1.2913223505020142,0.012776006590027759
2012-10-07,1.3017443418502808,0.012200795028947378
2012-10-14,1.293326497077942,0.0118691871395238
2012-10-21,1.3069161176681519,0.011453247108742619
2012-10-28,1.2938284873962402,0.01139524970735215
2012-11-04,1.2948336601257324,0.011282305829962501
2012-11-11,1.274534821510315,0.010737022150499176
2012-11-18,1.2784454822540283,0.011364000091894904
2012-11-25,1.2875149250030518,0.010856184023117926
2012-12-02,1.2973533868789673,0.010587849531256034
2012-12-09,1.2963443994522095,0.010385201513224397
2012-12-16,1.3078734874725342,0.00990621174080068
2012-12-23,1.323766827583313,0.00988131379893354
2012-12-30,1.3250298500061035,0.010200537772535965
2013-01-06,1.3032711744308472,0.009740058007839619
2013-01-13,1.327316164970398,0.010658405489125293
2013-01-20,1.3372559547424316,0.011709391431928139
2013-01-27,1.3369340896606445,0.011385333297783672
2013-02-03,1.3610997200012207,0.010828415101389465
2013-02-10,1.3389389514923096,0.011789112718728728
2013-02-17,1.3352917432785034,0.012327124362144665
2013-02-24,1.3194352388381958,0.011729131091369114
2013-03-03,1.3059945106506348,0.011754610792495155
2013-03-10,1.311131477355957,0.011617237319679487
2013-03-17,1.3012362718582153,0.011117812261010518
2013-03-24,1.2904890775680542,0.010838639769433478
2013-03-31,1.2815911769866943,0.010639558088532577
2013-04-07,1.2928247451782227,0.010362738497252692
2013-04-14,1.311475396156311,0.010274051605247112
2013-04-21,1.3053126335144043,0.010817026342910107
2013-04-28,1.3007283210754395,0.01040352151906704
2013-05-05,1.3065063953399658,0.009978248418678117
2013-05-12,1.303441047668457,0.009638290285566457
2013-05-19,1.2883278131484985,0.009242149492267853
2013-05-26,1.2925074100494385,0.009571496280603666
2013-06-02,1.3043931722640991,0.009216758662652449
2013-06-09,1.3245558738708496,0.009305184175199462
2013-06-16,1.3367911577224731,0.010166529556766144
2013-06-23,1.323556661605835,0.010142159554535684
2013-06-30,1.3035939931869507,0.010164336817461383
2013-07-07,1.2907721996307373,0.010805272244182686
2013-07-14,1.3097747564315796,0.010742911374732062
2013-07-21,1.3110626935958862,0.011248605425331296
2013-07-28,1.3274219036102295,0.010707836798986037
2013-08-04,1.3211959600448608,0.010946390542385736
2013-08-11,1.3380074501037598,0.010521535313790983
2013-08-18,1.33539879322052,0.010814809233755322
2013-08-25,1.335505723953247,0.01031667893376871
2013-09-01,1.3236267566680908,0.009841233087319004
2013-09-08,1.3118367195129395,0.009804831931904364
2013-09-15,1.3298933506011963,0.0097738344094337
2013-09-22,1.353417992591858,0.010311982326842061
2013-09-29,1.348617672920227,0.011314562985175492
2013-10-06,1.362416386604309,0.01081669284241714
2013-10-13,1.3526674509048462,0.01080767090201452
2013-10-20,1.366698980331421,0.010531936162029411
2013-10-27,1.380395531654358,0.010571057169929558
2013-11-03,1.3579760789871216,0.010571534601638139
2013-11-10,1.3409138917922974,0.011307806326849752
2013-11-17,1.3448994159698486,0.01145973890897239
2013-11-24,1.347182273864746,0.010941621269938782
2013-12-01,1.360396146774292,0.010434319411833244
2013-12-08,1.3669979572296143,0.010431071158442563
2013-12-15,1.3750807046890259,0.010070771414566311
2013-12-22,1.3655791282653809,0.009802178468615218
2013-12-29,1.3696191310882568,0.009609538513344519
2014-01-05,1.3666616678237915,0.009241538428991173
2014-01-12,1.360710859298706,0.008873926622980626
2014-01-19,1.3618041276931763,0.008617362461924934
2014-01-26,1.3689066171646118,0.008283773319764638
2014-02-02,1.3558770418167114,0.008150421164211025
2014-02-09,1.3592127561569214,0.008397047588896485
2014-02-16,1.3678767681121826,0.008118481842478029
2014-02-23,1.372118592262268,0.008087556061975398
2014-03-02,1.3707455396652222,0.007860895364538531
2014-03-09,1.3863087892532349,0.007591741130309586
2014-03-16,1.3865394592285156,0.008184082958605789
2014-03-23,1.378207802772522,0.00788253910157142
2014-03-30,1.3741360902786255,0.007830709305537926
2014-04-06,1.3723821640014648,0.007611552348906796
2014-04-13,1.3886381387710571,0.0073684713463336455
2014-04-20,1.3812155723571777,0.008073046101748865
2014-04-27,1.3832024335861206,0.007953256646980223
2014-05-04,1.3870972394943237,0.007687486983628254
2014-05-11,1.3844279050827026,0.007487561382791363
2014-05-18,1.3716480731964111,0.0072688272582561095
2014-05-25,1.3654487133026123,0.007616469670873987
2014-06-01,1.360451579093933,0.007493608932297915
2014-06-08,1.3661948442459106,0.007337437555491371
2014-06-15,1.3554543256759644,0.007242940408762014
2014-06-22,1.361136794090271,0.0074396981137995425
2014-06-29,1.3613035678863525,0.007332436789268239
2014-07-06,1.3610072135925293,0.007106549140311348
2014-07-13,1.3605072498321533,0.0069011701487686275
2014-07-20,1.3518811464309692,0.006715569541924633
2014-07-27,1.3464748859405518,0.006836085771544014
2014-08-03,1.3389928340911865,0.006767422192205769
2014-08-10,1.3358268737792969,0.006813932640692698
2014-08-17,1.3363981246948242,0.006673415878574283
2014-08-24,1.3279330730438232,0.006512003687800357
2014-08-31,1.3184958696365356,0.006659943335376368
2014-09-07,1.2932761907577515,0.006862636164266645
2014-09-14,1.2923569679260254,0.009020223608589171
2014-09-21,1.2920063734054565,0.0086496005694934
2014-09-28,1.2757054567337036,0.008307963014982666
2014-10-05,1.2670577764511108,0.008926109076524857
2014-10-12,1.2689067125320435,0.008816313217807221
2014-10-19,1.280442476272583,0.008475870295418846
2014-10-26,1.2654062509536743,0.00865211645140829
2014-11-02,1.2613362073898315,0.009092291030263948
2014-11-09,1.238006830215454,0.008768026222541168
2014-11-16,1.2475982904434204,0.010254069919897853
2014-11-23,1.2545005083084106,0.010094306675913206
2014-11-30,1.246199131011963,0.009800901784221014
2014-12-07,1.2386661767959595,0.009588014088513742
2014-12-14,1.2394952774047852,0.009358557923404523
2014-12-21,1.229044795036316,0.008962259177365971
2014-12-28,1.2210012674331665,0.008988344451948753
2015-01-04,1.2089413404464722,0.008854388701213628
2015-01-11,1.1796069145202637,0.009041039818284332
2015-01-18,1.1637378931045532,0.011607650243076651
2015-01-25,1.1346745491027832,0.011819604056758888
2015-02-01,1.13355553150177,0.013760461980220169
2015-02-08,1.147196888923645,0.013033875766895894
2015-02-15,1.140393853187561,0.012935998078003021
2015-02-22,1.1366735696792603,0.012401948244174467
2015-03-01,1.1205360889434814,0.011811382232967727
2015-03-08,1.1032048463821411,0.012082263450344912
2015-03-15,1.0626314878463745,0.012469614720937867
2015-03-22,1.066894292831421,0.016713218538906453
2015-03-29,1.0886367559432983,0.0158340349589825
2015-04-05,1.087074637413025,0.01628204739996848
2015-04-12,1.0669056177139282,0.015383167061275686
2015-04-19,1.0755579471588135,0.015682986731527168
2015-04-26,1.0815019607543945,0.015046131531349797
2015-05-03,1.1214659214019775,0.014338866439396162
2015-05-10,1.1246949434280396,0.017800050757486037
2015-05-17,1.1404979228973389,0.016820120772484022
2015-05-24,1.1111851930618286,0.016493265823200057
2015-05-31,1.0960345268249512,0.017595622226995847
2015-06-07,1.120787262916565,0.017148897672435718
2015-06-14,1.1240627765655518,0.017677848965662896
2015-06-21,1.1370742321014404,0.01670710875507556
2015-06-28,1.1202975511550903,0.016198726112615396
2015-07-05,1.1086965799331665,0.015992386580367987
2015-07-12,1.1063048839569092,0.015452576387451539
2015-07-19,1.0886012315750122,0.014619051731314116
2015-07-26,1.0989010334014893,0.014724426834776054
2015-08-02,1.0939244031906128,0.014252007714065448
2015-08-09,1.0927051305770874,0.013559432536328743
2015-08-16,1.1160963773727417,0.012848039860890306
2015-08-23,1.1236965656280518,0.01392586193750884
2015-08-30,1.1247961521148682,0.013365889010186748
2015-09-06,1.1125946044921875,0.01266959564874401
2015-09-13,1.1290887594223022,0.012490775676473375
2015-09-20,1.1400948762893677,0.012750226777392383
2015-09-27,1.1178929805755615,0.012487533694644289
2015-10-04,1.1193444728851318,0.013360815290501373
2015-10-11,1.1286935806274414,0.012668123735742545
2015-10-18,1.1368157863616943,0.012311367813212822
2015-10-25,1.108094573020935,0.01191290051145511
2015-11-01,1.0993843078613281,0.013885465428672396
2015-11-08,1.0883997678756714,0.013373552873947968
2015-11-15,1.0815019607543945,0.013052408998628424
2015-11-22,1.0726161003112793,0.01252849173463354
2015-11-29,1.0604453086853027,0.012160521950233125
2015-12-06,1.0915957689285278,0.012083357552905296
2015-12-13,1.0948106050491333,0.014708400741699353
2015-12-20,1.0844104290008545,0.013946768314454508
2015-12-27,1.0969964265823364,0.013534691701677717
2016-01-03,1.0859060287475586,0.013343283852578637
2016-01-10,1.0925976037979126,0.013034245825483003
2016-01-17,1.085894227027893,0.012515710690569178
2016-01-24,1.0862009525299072,0.01202658134697236
2016-01-31,1.0936970710754395,0.011422930036485153
2016-02-07,1.119996428489685,0.011087886389952614
2016-02-14,1.1317979097366333,0.012981872819542375
2016-02-21,1.1110987663269043,0.012758673006850844
2016-02-28,1.1024993658065796,0.0134151346753496
2016-03-06,1.094894528388977,0.012936961004169245
2016-03-13,1.1178430318832397,0.012452116516848561
2016-03-20,1.1317979097366333,0.013537581479847212
2016-03-27,1.1167943477630615,0.01342436251105158
2016-04-03,1.1379671096801758,0.013386277576858362
2016-04-10,1.1373976469039917,0.014024815392865188
2016-04-17,1.1270017623901367,0.013277331269219133
2016-04-24,1.12920343875885,0.01290275694649739
2016-05-01,1.135589361190796,0.012252606408890976
2016-05-08,1.1406019926071167,0.011774595680403602
2016-05-15,1.1376951932907104,0.011280856338163864
2016-05-22,1.1205987930297852,0.010758648811887088
2016-05-29,1.1192066669464111,0.01129281193452005
2016-06-05,1.115200161933899,0.010748377288868185
2016-06-12,1.1315033435821533,0.01029712479058618
2016-06-19,1.1252011060714722,0.010861825527125871
2016-06-26,1.1324002742767334,0.010486343799661037
2016-07-03,1.1106051206588745,0.010208164467182439
2016-07-10,1.1065741777420044,0.011493021096690523
2016-07-17,1.1106051206588745,0.010983617670729697
2016-07-24,1.1032899618148804,0.010525038568961202
2016-07-31,1.108438491821289,0.01023926613088452
2016-08-07,1.1134741306304932,0.009886859467539618
2016-08-14,1.113908290863037,0.009559913845212547
2016-08-21,1.1349449157714844,0.009145304027379779
2016-08-28,1.1290504932403564,0.010598833094839033
2016-09-04,1.1200717687606812,0.010227390193551612
2016-09-11,1.1271415948867798,0.010068485207124788
2016-09-18,1.124593734741211,0.009825339512141915
2016-09-25,1.1210134029388428,0.009411905906208657
2016-10-02,1.121956706047058,0.009058846901304641
2016-10-09,1.1144545078277588,0.008688818936417299
2016-10-16,1.1049723625183105,0.00859805944623912
2016-10-23,1.0930395126342773,0.008677114709081012
2016-10-30,1.0900371074676514,0.008995270749032926
2016-11-06,1.1102476119995117,0.008664092031201286
2016-11-13,1.0889687538146973,0.010174992277811452
2016-11-20,1.062304139137268,0.01145323626763682
2016-11-27,1.0561892986297607,0.013392371119213849
2016-12-04,1.0663141012191772,0.012813354767123128
2016-12-11,1.062134861946106,0.012531797302215373
2016-12-18,1.0418837070465088,0.01195044092590815
2016-12-25,1.0437650680541992,0.01285912276541731
2017-01-01,1.0575296878814697,0.012209726802089932
2017-01-08,1.0605915784835815,0.012325583963745616
2017-01-15,1.0616837739944458,0.011738610512915602
2017-01-22,1.0659730434417725,0.011161570489235998
2017-01-29,1.068296194076538,0.0107032429922196
2017-02-05,1.0761713981628418,0.010224228873342919
2017-02-12,1.0658594369888306,0.010039155427061089
2017-02-19,1.0672245025634766,0.01004315110580303
2017-02-26,1.0584474802017212,0.009599341922079329
2017-03-05,1.0509721040725708,0.009531705904659406
2017-03-12,1.0578428506851196,0.009378307889980259
2017-03-19,1.077470064163208,0.009220617799472057
2017-03-26,1.0783880949020386,0.010598878536299395
2017-04-02,1.0687072277069092,0.010106352641167746
2017-04-09,1.0644639730453491,0.010046665773843222
2017-04-16,1.0616387128829956,0.009668242775057418
2017-04-23,1.0714898109436035,0.009277486971636847
2017-04-30,1.0864251852035522,0.009366370960660484
2017-05-07,1.098152995109558,0.00999762363632457
2017-05-14,1.0864958763122559,0.010148155414756598
2017-05-21,1.1113580465316772,0.010241554805426979
2017-05-28,1.121076226234436,0.012138261067651401
2017-06-04,1.1215791702270508,0.011860704112444016
2017-06-11,1.1184805631637573,0.011270024255582949
2017-06-18,1.1146905422210693,0.010753675423414695
2017-06-25,1.1149640083312988,0.010295760191815159
2017-07-02,1.144164800643921,0.009822455101809454
2017-07-09,1.1424784660339355,0.012477161194511008
2017-07-16,1.140393853187561,0.011847260586537043
2017-07-23,1.1628718376159668,0.011268539754682139
2017-07-30,1.1688660383224487,0.012393399334240827
2017-08-06,1.1884952783584595,0.011880377934139234
2017-08-13,1.177024483680725,0.012474488228477295
2017-08-20,1.1715501546859741,0.012216676601636414
2017-08-27,1.1802195310592651,0.011685880261556649
2017-09-03,1.1910432577133179,0.01135819404285272
2017-09-10,1.2029062509536743,0.011194340868533863
2017-09-17,1.1921650171279907,0.01111632463299909
2017-09-24,1.194557547569275,0.010941316459290017
2017-10-01,1.178175449371338,0.010439946534235127
2017-10-08,1.1712344884872437,0.010851902806406438
2017-10-15,1.1831799745559692,0.010494570653223444
2017-10-22,1.184805989265442,0.010521310590044262
2017-10-29,1.163724422454834,0.01004131486107011
2017-11-05,1.1661807298660278,0.011118557667131877
2017-11-12,1.164686679840088,0.010605605478627857
2017-11-19,1.1777453422546387,0.010114020635951966
2017-11-26,1.1853959560394287,0.010293713548819415
2017-12-03,1.1898245811462402,0.01004051371700909
2017-12-10,1.1772184371948242,0.00966431578388326
2017-12-17,1.1774957180023193,0.009818893996027157
2017-12-24,1.1857331991195679,0.009382905149190116
2017-12-31,1.1941723823547363,0.009258665889842517
2018-01-07,1.2068840265274048,0.009157401730314717
2018-01-14,1.2042099237442017,0.009407487521128056
2018-01-21,1.2236607074737549,0.009027352009385326
2018-01-28,1.239234209060669,0.010051927577263024
2018-02-04,1.2510008811950684,0.010414624485288747
2018-02-11,1.2260762453079224,0.010384628066670612
2018-02-18,1.2503595352172852,0.011747273248143194
2018-02-25,1.2326656579971313,0.012792956328037132
2018-03-04,1.2270842790603638,0.012926788685914493
2018-03-11,1.2306632995605469,0.012335386246678931
2018-03-18,1.2309207916259766,0.011748220579138803
2018-03-25,1.2324985265731812,0.011164845644743484
2018-04-01,1.2302846908569336,0.010633996746473978
2018-04-08,1.2251598834991455,0.010147309331927055
2018-04-15,1.2329696416854858,0.00976818331128985
2018-04-22,1.2345526218414307,0.009559056056387653
2018-04-29,1.2109616994857788,0.009154105853417862
2018-05-06,1.1989257335662842,0.010657810616468862
2018-05-13,1.1917530298233032,0.010622125998661578
2018-05-20,1.1795234680175781,0.010290802769622385
2018-05-27,1.1722642183303833,0.010330349133635904
2018-06-03,1.1693171262741089,0.01003624170714681
2018-06-10,1.1795234680175781,0.009611671901636965
2018-06-17,1.1566576957702637,0.009606745336016171
2018-06-24,1.1605775356292725,0.011052161345690759
2018-07-01,1.1562966108322144,0.010579258088969796
2018-07-08,1.1695905923843384,0.010145592727579594
2018-07-15,1.1665889024734497,0.010352182576889222
2018-07-22,1.1655147075653076,0.009903433353565302
2018-07-29,1.1642934083938599,0.009463175734562082
2018-08-05,1.1586008071899414,0.009059243445793543
2018-08-12,1.1523923873901367,0.008812819973592357
2018-08-19,1.1371389627456665,0.00861748260087409
2018-08-26,1.154334545135498,0.009268254060252688
2018-09-02,1.1664663553237915,0.010086699595614146
2018-09-09,1.1620069742202759,0.010195754439182305
2018-09-16,1.1691803932189941,0.009798948869575797
2018-09-23,1.1775927543640137,0.009573368932279204
2018-09-30,1.1637378931045532,0.009443822231180262
2018-10-07,1.1518083810806274,0.009763718462362667
2018-10-14,1.1590440273284912,0.009868736947594069
2018-10-21,1.1460003852844238,0.009643366885654708
2018-10-28,1.1377859115600586,0.009874141937211737
2018-11-04,1.1403288841247559,0.009692726384057097
2018-11-11,1.1368415355682373,0.009296437536070297
2018-11-18,1.1324899196624756,0.008949117305792854
2018-11-25,1.1403158903121948,0.008661424260022324
2018-12-02,1.1392766237258911,0.00861083924656673
2018-12-09,1.1374752521514893,0.008275903313907214
2018-12-16,1.1363636255264282,0.007978784483288343
2018-12-23,1.1456853151321411,0.00769894978524042
2018-12-30,1.143105387687683,0.007890426315228516
2019-01-06,1.1391078233718872,0.007642988858103136
2019-01-13,1.151012897491455,0.007464283849604001
2019-01-20,1.13926362991333,0.00795789012321084
2019-01-27,1.1313496828079224,0.008315132631344011
2019-02-03,1.1449507474899292,0.008287655712984406
2019-02-10,1.1338768005371094,0.008846349821948643
2019-02-17,1.1295350790023804,0.009011899824106098
2019-02-24,1.1343011856079102,0.008718574514331511
2019-03-03,1.1373459100723267,0.008483683484683155
2019-03-10,1.1198333501815796,0.008204758551397094
2019-03-17,1.1308379173278809,0.009276385412937677
2019-03-24,1.1375011205673218,0.009421178899421298
2019-03-31,1.1230024099349976,0.009214972189652112
2019-04-07,1.1225864887237549,0.009694961573437641
2019-04-14,1.1260753870010376,0.009268290239325528
2019-04-21,1.1235954761505127,0.008934856114896413
2019-04-28,1.113684892654419,0.008594105485347007
2019-05-05,1.1173559427261353,0.008704667045120197
2019-05-12,1.1222084760665894,0.008428691178653377
2019-05-19,1.1173559427261353,0.008228437559105555
2019-05-26,1.1184556484222412,0.008032359620753072
2019-06-02,1.1131147146224976,0.0077515883592111715
2019-06-09,1.1276500225067139,0.007629762919512574
2019-06-16,1.1280443668365479,0.008463050294158194
2019-06-23,1.1295605897903442,0.008138547491755388
2019-06-30,1.1372941732406616,0.007854448697917824
2019-07-07,1.128579020500183,0.007894883009070581
2019-07-14,1.1252391338348389,0.007982967131053226
2019-07-21,1.1261515617370605,0.007749670283481459
2019-07-28,1.1146159172058105,0.007491658865583812
2019-08-04,1.1078859567642212,0.007929422425858548
2019-08-11,1.1187183856964111,0.007874434837832458
2019-08-18,1.1113580465316772,0.008215989942608689
2019-08-25,1.1084016561508179,0.008170183510679736
2019-09-01,1.1061947345733643,0.007909395146897357
2019-09-08,1.1036310195922852,0.007653472847152127
2019-09-15,1.1058276891708374,0.0074298247941137424
2019-09-22,1.1048502922058105,0.0072261013399348845
2019-09-29,1.0922753810882568,0.007013417229274143
2019-10-06,1.0975382328033447,0.007696710175075059
2019-10-13,1.1011033058166504,0.007600424194037197
2019-10-20,1.1127183437347412,0.0074273768737764135
2019-10-27,1.1103955507278442,0.007940299853373625
2019-11-03,1.1157102584838867,0.007683965052130923
2019-11-10,1.1019697189331055,0.007587000096528435
2019-11-17,1.1020498275756836,0.008296655697787968
2019-11-24,1.1065863370895386,0.00798511716527785
2019-12-01,1.101176142692566,0.007816853991603116
2019-12-08,1.1105434894561768,0.0076951211314882665
2019-12-15,1.1186057329177856,0.007919390376420633
2019-12-22,1.1125946044921875,0.007988701125541016
2019-12-29,1.110111951828003,0.00787985719561233
2020-01-05,1.1171437501907349,0.007632823771398235
2020-01-12,1.1111111640930176,0.007656716398338932
2020-01-19,1.1139578819274902,0.00758611394760884
2020-01-26,1.1055220365524292,0.0073863215886537355
2020-02-02,1.1029127836227417,0.007533428417939558
2020-02-09,1.0982975959777832,0.0073223437246422085
2020-02-16,1.0845986604690552,0.007211364854884339
2020-02-23,1.078799843788147,0.008020946076579953
2020-03-01,1.0997228622436523,0.007906818115524343
2020-03-08,1.1223849058151245,0.00978060341697308
2020-03-15,1.1184931993484497,0.011382781936498929
2020-03-22,1.0657345056533813,0.010877027476280016
2020-03-29,1.1048258543014526,0.018421503586719998
2020-04-05,1.0847399234771729,0.0207998905956087
2020-04-12,1.0927408933639526,0.020421352374605118
2020-04-19,1.0858471393585205,0.01938525322273965
2020-04-26,1.077702283859253,0.018376588852171877
2020-05-03,1.094546914100647,0.017487404278524635
2020-05-10,1.0837171077728271,0.01722799155951802
2020-05-17,1.0806955099105835,0.016552026539542075
2020-05-24,1.0952903032302856,0.015651721393841817
2020-05-31,1.1079105138778687,0.015399711706110727
2020-06-07,1.1337867975234985,0.01501124159815548
2020-06-14,1.1288082599639893,0.015983071240008712
2020-06-21,1.1211000680923462,0.0151590504306488
2020-06-28,1.1222084760665894,0.014487970459088726
2020-07-05,1.1237848997116089,0.013712210748192738
2020-07-12,1.1287955045700073,0.012995571639130071
2020-07-19,1.139211654663086,0.012406160528489151
2020-07-26,1.1596084833145142,0.012138104749993507
2020-08-02,1.1872254610061646,0.012839335727813699
2020-08-09,1.1876484155654907,0.014294617299709692
2020-08-16,1.1816558837890625,0.013528633678836643
2020-08-23,1.1873664855957031,0.012909581844828712
2020-08-30,1.1819632053375244,0.0123413341980195
2020-09-06,1.1839784383773804,0.011796768412986885
2020-09-13,1.1824384927749634,0.011224487501686854
2020-09-20,1.1848200559616089,0.010685827572124018
2020-09-27,1.1673243045806885,0.010204565568573876
2020-10-04,1.1744946241378784,0.010794424509745491
2020-10-11,1.1767003536224365,0.01047144317935251
2020-10-18,1.1707134246826172,0.010004243431379543
2020-10-25,1.1815024614334106,0.009680536257928045
2020-11-01,1.1678695678710938,0.009712650707436826
2020-11-08,1.1817537546157837,0.009966484588460224
2020-11-15,1.1803393363952637,0.010242489058566477
2020-11-22,1.1866477727890015,0.009778195368794592
2020-11-29,1.191599726676941,0.009503762791552654
2020-12-06,1.2145650386810303,0.009193682058629178
2020-12-13,1.2144293785095215,0.010703432057333933
2020-12-20,1.226271629333496,0.010197986042542222
2020-12-27,1.2184720039367676,0.010217841590761043
2021-01-03,1.218026876449585,0.00994715992229902
2021-01-10,1.227144479751587,0.00950053920115524
2021-01-17,1.2151259183883667,0.00940178201258338
2021-01-24,1.2166293859481812,0.009506363438112194
2021-01-31,1.2120037078857422,0.009104972253333059
2021-02-07,1.1966731548309326,0.00880212543592159
2021-02-14,1.2131506204605103,0.00933798160436126
2021-02-21,1.209189772605896,0.00995089349676564
2021-02-28,1.2160420417785645,0.00955494293867365
2021-03-07,1.1967735290527344,0.009321187895466557
2021-03-14,1.1986095905303955,0.010231723466268001
2021-03-21,1.1918240785598755,0.009777036172057484
2021-03-28,1.1776621341705322,0.009505895139090283
2021-04-04,1.177994966506958,0.009830763882187522
2021-04-11,1.1915684938430786,0.00939403919019351
2021-04-18,1.1971746683120728,0.0097109901036178
2021-04-25,1.2014753818511963,0.009408095158626159
2021-05-02,1.2127091884613037,0.00908110454765038
2021-05-09,1.2068549394607544,0.009202634432526662
2021-05-16,1.207729458808899,0.00893931640809562
2021-05-23,1.222538709640503,0.008577920401150713
2021-05-30,1.2193188667297363,0.009118409815230665
2021-06-06,1.2133007049560547,0.008773342538089422
2021-06-13,1.2172558307647705,0.008557088800390087
2021-06-20,1.1913414001464844,0.008293141379778088
2021-06-27,1.1930327415466309,0.01045883045847369
2021-07-04,1.1846235990524292,0.009984410394203778
2021-07-11,1.184800386428833,0.009783040102342638
2021-07-18,1.1811814308166504,0.00934957760104399
2021-07-25,1.1772738695144653,0.00899758186493352
2021-08-01,1.1892997026443481,0.008684934872370015
2021-08-08,1.1835720539093018,0.008954746804935474
2021-08-15,1.173626184463501,0.008714341038112855
2021-08-22,1.1676595211029053,0.008768523015502266
2021-08-29,1.1756407022476196,0.008561233263645513
2021-09-05,1.1876484155654907,0.008516076098570916
2021-09-12,1.1825922727584839,0.008810732039389198
2021-09-19,1.176747441291809,0.008555363524698061
2021-09-26,1.1740258932113647,0.008360994834078449
2021-10-03,1.1574475765228271,0.008072862720728945
2021-10-10,1.1559758186340332,0.008963580869728557
2021-10-17,1.159151554107666,0.00860314621447751
2021-10-24,1.1625338792800903,0.008315664094235752
2021-10-31,1.1683608293533325,0.008060480096814976
2021-11-07,1.1555349826812744,0.00793760599725498
2021-11-14,1.145081877708435,0.008395967189194302
2021-11-21,1.1368415355682373,0.00855633503755972
2021-11-28,1.1209630966186523,0.008521501640596387
2021-12-05,1.1306205987930298,0.009298423968128444
2021-12-12,1.1293309926986694,0.009320940009287444
2021-12-19,1.1334141492843628,0.008929521494374081
2021-12-26,1.132733702659607,0.008646441486315758
2022-01-02,1.132502794265747,0.00830621805450202
2022-01-09,1.1296881437301636,0.007993582519054104
2022-01-16,1.1457115411758423,0.007743471562056418
2022-01-23,1.1313753128051758,0.008729196924746028
2022-01-30,1.1147029399871826,0.009258946478705149
2022-02-06,1.14357590675354,0.010011637734300199
2022-02-13,1.1415525674819946,0.012551100229356784
2022-02-20,1.1366478204727173,0.011919458727860828
2022-02-27,1.11906898021698,0.01139903822099541
2022-03-06,1.1066844463348389,0.011889870349984982
2022-03-13,1.1013944149017334,0.011817331795511503
2022-03-20,1.1099518537521362,0.011323979071212145
2022-03-27,1.1009578704833984,0.011056481882804456
2022-04-03,1.1072357892990112,0.010823280432042188
2022-04-10,1.0864840745925903,0.010472362375127654
2022-04-17,1.0820988416671753,0.011616301261354078
2022-04-24,1.0835175514221191,0.011110739413410124
2022-05-01,1.0504201650619507,0.010584408861181836
2022-05-08,1.0539740324020386,0.014039414153538956
2022-05-15,1.0379581451416016,0.013337054437640095
2022-05-22,1.057898759841919,0.013517273004719959
2022-05-29,1.0732953548431396,0.014168353145078942
2022-06-05,1.0751069784164429,0.014182297345178787
2022-06-12,1.0619205236434937,0.013435765601231175
2022-06-19,1.0546854734420776,0.013300845340169872
2022-06-26,1.052011489868164,0.012780542353254872
2022-07-03,1.0477677583694458,0.012144817863517253
2022-07-10,1.0169836282730103,0.011597324691834617
2022-07-17,1.0025665760040283,0.014477622569496348
2022-07-24,1.0221081972122192,0.014408435478255977
2022-07-31,1.0192328691482544,0.014956736822056048
2022-08-07,1.024779200553894,0.014168837474992807
2022-08-14,1.0316723585128784,0.013526045369633
2022-08-21,1.0089900493621826,0.01299517366407869
2022-08-28,0.9971283078193665,0.014162223104049616
2022-09-04,0.995232880115509,0.013904133418424827
2022-09-11,1.0012015104293823,0.013176399554298121
2022-09-18,0.9988313317298889,0.01263796894567563
2022-09-25,0.9841550588607788,0.012009568010878819
2022-10-02,0.9829555749893188,0.0123120433785082
2022-10-09,0.9789045453071594,0.01169163198179466
2022-10-16,0.975134015083313,0.011183067296028531
2022-10-23,0.9778899550437927,0.010705861164720132
2022-10-30,0.9967803955078125,0.010243319004154377
2022-11-06,0.9749630093574524,0.011518967650045663
2022-11-13,1.0192224979400635,0.01297232207778483
2022-11-20,1.036172866821289,0.018699397698269508
2022-11-27,1.040810227394104,0.01840051294428464
2022-12-04,1.052842140197754,0.017414330804187136
2022-12-11,1.0559661388397217,0.016840406566187245
2022-12-18,1.064056158065796,0.015928489774086174
2022-12-25,1.060333013534546,0.01524806485707541
2023-01-01,1.066075325012207,0.014453872674389918
2023-01-08,1.0522217750549316,0.01378783888041967
2023-01-15,1.0860239267349243,0.013682253336221206
2023-01-22,1.083388328552246,0.016395915077572387
2023-01-29,1.0894432067871094,0.015500691925235335
2023-02-05,1.0905125141143799,0.014761192528476613
2023-02-12,1.0742292404174805,0.013966232158689812
2023-02-19,1.0665756464004517,0.014036671791266164
2023-02-26,1.0598047971725464,0.013471218008933326
2023-03-05,1.0599732398986816,0.012913239723874044
2023-03-12,1.0584698915481567,0.012244745975544504
2023-03-19,1.0614134073257446,0.0116312873009841
2023-03-26,1.0835057497024536,0.01109458366169295
2023-04-02,1.0904649496078491,0.012431541993810623
2023-04-09,1.0920130014419556,0.011977854717129284
2023-04-16,1.1054610013961792,0.011387733496353575
2023-04-23,1.0970927476882935,0.011517037131333889
2023-04-30,1.0992271900177002,0.011201000095098453
