Date,Price,Absolute Log Return,"GARCH(1,1) Log Returns","GARCH(1,1) Absolute Log Returns",DD-EWMA Forecasted Volatility,DD-EWMA RMSE,"Corr(Abs Log Return, GARCH Log Returns)","Corr(Abs Log Return, GARCH Abs Log Returns)","Corr(Abs Log Return, DD-EWMA Forecasted Volatility)",Volatility_Absolute_Log_Return,Volatility_GARCH_Log_Returns,Volatility_GARCH_Absolute_Log_Returns,Volatility_DD_EWMA_Forecasted_Volatility
2003-12-31,1.7888127565383911,,,,,,0.11194548395968537,0.16013174293907828,-0.0037622271086967638,N/A,N/A,N/A,N/A
2004-01-31,1.8252837657928467,0.020183327761340575,0.022976351057517136,0.013444633604187505,,,0.11194548395968537,0.16013174293907828,-0.0037622271086967638,Low volatility,Low volatility,Low volatility,N/A
2004-02-29,1.8695082664489746,0.023939974115387064,0.02330592497446225,0.012952462025437107,,,0.11194548395968537,0.16013174293907828,-0.0037622271086967638,Medium volatility,Low volatility,Low volatility,N/A
2004-03-31,1.843385934829712,0.01407137463551622,0.0237137095040757,0.012684576766620192,,,0.11194548395968537,0.16013174293907828,-0.0037622271086967638,Low volatility,Low volatility,Low volatility,N/A
2004-04-30,1.7785998582839966,0.035777604227973714,0.023668829078609135,0.012555844767899912,,,0.11194548395968537,0.16013174293907828,-0.0037622271086967638,Medium volatility,Low volatility,Low volatility,N/A
2004-05-31,1.8326095342636108,0.029914467818903057,0.024478460035460035,0.01374927092580794,,,0.11194548395968537,0.16013174293907828,-0.0037622271086967638,Medium volatility,Low volatility,Low volatility,N/A
2004-06-30,1.8202005624771118,0.006794231943431317,0.024917886134400383,0.01376080670196007,,,0.11194548395968537,0.16013174293907828,-0.0037622271086967638,Low volatility,Low volatility,Low volatility,N/A
2004-07-31,1.822090983390808,0.0010380394098813417,0.024543195497557513,0.014079711244630755,,,0.11194548395968537,0.16013174293907828,-0.0037622271086967638,Low volatility,Low volatility,Low volatility,N/A
2004-08-31,1.8024837970733643,0.01081913259477807,0.024211017897144964,0.015209780306566474,,,0.11194548395968537,0.16013174293907828,-0.0037622271086967638,Low volatility,Low volatility,Low volatility,N/A
2004-09-30,1.8128092288970947,0.005712101245723633,0.02401336986754275,0.014707662711118457,,,0.11194548395968537,0.16013174293907828,-0.0037622271086967638,Low volatility,Low volatility,Low volatility,N/A
2004-10-31,1.8381000757217407,0.013854768371942217,0.02380954974128972,0.0149102139314894,,,0.11194548395968537,0.16013174293907828,-0.0037622271086967638,Low volatility,Low volatility,Low volatility,N/A
2004-11-30,1.9095995426177979,0.03816108591193268,0.023787972063595404,0.014254042257940617,,,0.11194548395968537,0.16013174293907828,-0.0037622271086967638,Medium volatility,Low volatility,Low volatility,N/A
2004-12-31,1.9197911024093628,0.0053228227668215,0.024829454782160525,0.01531894905682131,,,0.11194548395968537,0.16013174293907828,-0.0037622271086967638,Low volatility,Low volatility,Low volatility,N/A
2005-01-31,1.8841972351074219,0.018714519069926938,0.024475512144736974,0.015408671269575023,,,0.11194548395968537,0.16013174293907828,-0.0037622271086967638,Low volatility,Low volatility,Low volatility,N/A
2005-02-28,1.9192017316818237,0.01840747461444603,0.0244052130710427,0.014474806279350595,,,0.11194548395968537,0.16013174293907828,-0.0037622271086967638,Low volatility,Low volatility,Low volatility,N/A
2005-03-31,1.889501929283142,0.015596069974776028,0.024398669028719424,0.01375107430835405,,,0.11194548395968537,0.16013174293907828,-0.0037622271086967638,Low volatility,Low volatility,Low volatility,N/A
2005-04-30,1.9094902276992798,0.010523045081070492,0.02426142892120282,0.013275422744944778,,,0.11194548395968537,0.16013174293907828,-0.0037622271086967638,Low volatility,Low volatility,Low volatility,N/A
2005-05-31,1.8176862001419067,0.049271936268524,0.024084322053476378,0.013288002981199405,,,0.11194548395968537,0.16013174293907828,-0.0037622271086967638,High volatility,Low volatility,Low volatility,N/A
2005-06-30,1.7902858257293701,0.015189087390563683,0.025675411382535925,0.01713879766111667,,,0.11194548395968537,0.16013174293907828,-0.0037622271086967638,Low volatility,Medium volatility,Medium volatility,N/A
2005-07-31,1.7582108974456787,0.018078529798552623,0.02529925547617933,0.015928110813630235,,,0.11194548395968537,0.16013174293907828,-0.0037622271086967638,Low volatility,Low volatility,Low volatility,N/A
2005-08-31,1.8033939599990845,0.025373666363152192,0.025060505652234527,0.014890305058472728,,,0.11194548395968537,0.16013174293907828,-0.0037622271086967638,Medium volatility,Low volatility,Low volatility,N/A
2005-09-30,1.7646021842956543,0.02174514920141013,0.02518151397323406,0.014237202032816637,,,0.11194548395968537,0.16013174293907828,-0.0037622271086967638,Low volatility,Low volatility,Low volatility,N/A
2005-10-31,1.7687844038009644,0.0023672594855410622,0.025072690993748422,0.013583641228322325,,,0.11194548395968537,0.16013174293907828,-0.0037622271086967638,Low volatility,Low volatility,Low volatility,N/A
2005-11-30,1.7309123277664185,0.02164390653623005,0.02465319885261924,0.014637113701459767,,,0.11194548395968537,0.16013174293907828,-0.0037622271086967638,Low volatility,Low volatility,Low volatility,N/A
2005-12-31,1.7206965684890747,0.005919436074110718,0.024639487241481003,0.013890504545603595,,,0.11194548395968537,0.16013174293907828,-0.0037622271086967638,Low volatility,Low volatility,Low volatility,N/A
2006-01-31,1.7785998582839966,0.03309726778288935,0.02430642260649769,0.014292879775586452,,,0.11194548395968537,0.16013174293907828,-0.0037622271086967638,Medium volatility,Low volatility,Low volatility,N/A
2006-02-28,1.7542012929916382,0.013812808686761602,0.024943932084265825,0.014549182408871715,,,0.11194548395968537,0.16013174293907828,-0.0037622271086967638,Low volatility,Low volatility,Low volatility,N/A
2006-03-31,1.7377101182937622,0.00944542708094498,0.024668611797747982,0.013979525088235903,,,0.11194548395968537,0.16013174293907828,-0.0037622271086967638,Low volatility,Low volatility,Low volatility,N/A
2006-04-30,1.8259837627410889,0.0495506673402466,0.024368307639427447,0.013918955491338088,,,0.11194548395968537,0.16013174293907828,-0.0037622271086967638,High volatility,Low volatility,Low volatility,N/A
2006-05-31,1.8716076612472534,0.024678883545279695,0.026062234924150413,0.017572770972580767,,,0.11194548395968537,0.16013174293907828,-0.0037622271086967638,Medium volatility,Medium volatility,Medium volatility,N/A
2006-06-30,1.8490097522735596,0.012147546681518517,0.02596651600802115,0.01629843847681463,,,0.11194548395968537,0.16013174293907828,-0.0037622271086967638,Low volatility,Medium volatility,Low volatility,N/A
2006-07-31,1.8682161569595337,0.010333822087898903,0.025480088716761686,0.015439039943558852,0.003937867018993612,0.0018856641335707545,0.11194548395968537,0.16013174293907828,-0.0037622271086967638,Low volatility,Low volatility,Low volatility,N/A
2006-08-31,1.9030944108963013,0.018497149865496887,0.025081661224383267,0.01492559628437699,0.003824141417952561,0.0020310422187784704,0.11194548395968537,0.16013174293907828,-0.0037622271086967638,Low volatility,Low volatility,Low volatility,N/A
2006-09-30,1.8717128038406372,0.016627249160645508,0.02495204066210938,0.014099937466575275,0.004341828821718216,0.002807779063514548,0.11194548395968537,0.16013174293907828,-0.0037622271086967638,Low volatility,Low volatility,Low volatility,N/A
2006-10-31,1.9082876443862915,0.019352369145223647,0.02473875130000829,0.013502501662314733,0.004315596598528464,0.00277232437512401,0.11194548395968537,0.16013174293907828,-0.0037622271086967638,Low volatility,Low volatility,Low volatility,N/A
2006-11-30,1.9664137363433838,0.030005126654532588,0.024699656217756064,0.012995335216478872,0.005903793507802262,0.004214857970266296,0.11194548395968537,0.16013174293907828,-0.0037622271086967638,Medium volatility,Low volatility,Low volatility,N/A
2006-12-31,1.9592092037200928,0.003670520996036486,0.02509882435156572,0.013221411776884018,0.006254842311912396,0.004251957567520011,0.11194548395968537,0.16013174293907828,-0.0037622271086967638,Low volatility,Low volatility,Low volatility,N/A
2007-01-31,1.9634021520614624,0.0021378360270761787,0.024671411522564857,0.014168453584835677,0.0076577833548066255,0.0056078845251041265,0.11194548395968537,0.16013174293907828,-0.0037622271086967638,Low volatility,Low volatility,Low volatility,N/A
2007-02-28,1.9640191793441772,0.0003142149699383312,0.024321158143284855,0.01507820598133578,0.0076677387810337476,0.005564012830326072,0.11194548395968537,0.16013174293907828,-0.0037622271086967638,Low volatility,Low volatility,Low volatility,N/A
2007-03-31,1.9525147676467896,0.005874809176221296,0.024026469594867806,0.01602433188073382,0.0075288143577561546,0.0054642806192914915,0.11194548395968537,0.16013174293907828,-0.0037622271086967638,Low volatility,Low volatility,Low volatility,N/A
2007-04-30,2.0,0.024029014401382054,0.02380270975520581,0.01585598028160473,0.007837126065394386,0.005429656178708571,0.11194548395968537,0.16013174293907828,-0.0037622271086967638,Medium volatility,Low volatility,Low volatility,N/A
2007-05-31,1.9798059463500977,0.010148347550380965,0.024114538280743628,0.014917416875518176,0.007924290885696572,0.00526610876741133,0.11194548395968537,0.16013174293907828,-0.0037622271086967638,Low volatility,Low volatility,Low volatility,N/A
2007-06-30,2.008314371109009,0.014296915883022954,0.023924020436401502,0.014547831356648284,0.00784887998522972,0.005215265755263466,0.11194548395968537,0.16013174293907828,-0.0037622271086967638,Low volatility,Low volatility,Low volatility,N/A
2007-07-31,2.029385566711426,0.010437321848498105,0.023891955986458543,0.01395011403807556,0.00792646040238385,0.005186451709270839,0.11194548395968537,0.16013174293907828,-0.0037622271086967638,Low volatility,Low volatility,Low volatility,N/A
2007-08-31,2.017186403274536,0.006029399938700886,0.02378099708127125,0.013795312287818556,0.007649166815658577,0.005380337289932568,0.11194548395968537,0.16013174293907828,-0.0037622271086967638,Low volatility,Low volatility,Low volatility,N/A
2007-09-30,2.046203374862671,0.01428239299072942,0.02360303214773609,0.014209401499943193,0.006962379345083814,0.005439306305825592,0.11194548395968537,0.16013174293907828,-0.0037622271086967638,Low volatility,Low volatility,Low volatility,N/A
2007-10-31,2.079780340194702,0.0162762186678167,0.02363101521044554,0.013692000830627986,0.006953090605603936,0.005341077607037751,0.11194548395968537,0.16013174293907828,-0.0037622271086967638,Low volatility,Low volatility,Low volatility,N/A
2007-11-30,2.0566821098327637,0.011168224407148819,0.02370743938205554,0.013202539113941267,0.00708706827728237,0.005202017365539874,0.11194548395968537,0.16013174293907828,-0.0037622271086967638,Low volatility,Low volatility,Low volatility,N/A
2007-12-31,1.9866102933883667,0.034664241858458844,0.023607796089859974,0.01317145485679205,0.007061545705026903,0.00518857121688988,0.11194548395968537,0.16013174293907828,-0.0037622271086967638,Medium volatility,Low volatility,Low volatility,N/A
2008-01-31,1.9906044006347656,0.0020084953397686567,0.024369369264828373,0.013985335904847448,0.007046386770219903,0.005210346473726173,0.11194548395968537,0.16013174293907828,-0.0037622271086967638,Low volatility,Low volatility,Low volatility,N/A
2008-02-29,1.9866102933883667,0.0020084953397686567,0.024072059827181788,0.01497423755354293,0.007026895127609846,0.005189117833242109,0.11194548395968537,0.16013174293907828,-0.0037622271086967638,Low volatility,Low volatility,Low volatility,N/A
2008-03-31,1.9842058420181274,0.0012110616972050847,0.023821377076188727,0.015661722995619,0.007077720508328228,0.004974263892812473,0.11194548395968537,0.16013174293907828,-0.0037622271086967638,Low volatility,Low volatility,Low volatility,N/A
2008-04-30,1.9877949953079224,0.0018072273464474486,0.023615132616285044,0.016278835282489777,0.007077892719074455,0.004855981715477456,0.11194548395968537,0.16013174293907828,-0.0037622271086967638,Low volatility,Low volatility,Low volatility,N/A
2008-05-31,1.982789397239685,0.0025213420620988636,0.02345294670832219,0.016622977304230017,0.007398969244049218,0.005071740113881748,0.11194548395968537,0.16013174293907828,-0.0037622271086967638,Low volatility,Low volatility,Medium volatility,N/A
2008-06-30,1.992984652519226,0.0051287007257289075,0.02331577359107044,0.016762665786734188,0.00735939095492971,0.005201498489600685,0.11194548395968537,0.16013174293907828,-0.0037622271086967638,Low volatility,Low volatility,Medium volatility,N/A
2008-07-31,1.9831039905548096,0.004970051319392099,0.02323361165114931,0.01650187528485461,0.007413443833961136,0.005072055299791952,0.11194548395968537,0.16013174293907828,-0.0037622271086967638,Low volatility,Low volatility,Medium volatility,N/A
2008-08-31,1.8217922449111938,0.08484252269704728,0.0231482172018796,0.016328237154344474,0.00732457643376088,0.0053053627919712396,0.11194548395968537,0.16013174293907828,-0.0037622271086967638,High volatility,Low volatility,Low volatility,N/A
2008-09-30,1.7820864915847778,0.02203590237812303,0.028417172417481856,0.029251117457061673,0.007361078406587205,0.005312412879280771,0.11194548395968537,0.16013174293907828,-0.0037622271086967638,Low volatility,Medium volatility,High volatility,N/A
2008-10-31,1.607303500175476,0.10322693384901105,0.027746888950645605,0.025785698076614273,0.007488740169407807,0.005218682371487875,0.11194548395968537,0.16013174293907828,-0.0037622271086967638,High volatility,Medium volatility,High volatility,N/A
2008-11-30,1.5385088920593262,0.04374423480729511,0.03363928424952132,0.03937569205104488,0.007368704032026294,0.005321304439345051,0.11194548395968537,0.16013174293907828,-0.0037622271086967638,Medium volatility,High volatility,High volatility,N/A
2008-12-31,1.4656095504760742,0.048542464113377426,0.03297283178143217,0.035503391993639076,0.008132539243455885,0.006125988335201927,0.11194548395968537,0.16013174293907828,-0.0037622271086967638,Medium volatility,High volatility,High volatility,N/A
2009-01-31,1.456303596496582,0.006369789228171052,0.0326826037734845,0.0329336567680631,0.008132141170997885,0.006085326499601782,0.11194548395968537,0.16013174293907828,-0.0037622271086967638,Low volatility,High volatility,High volatility,N/A
2009-02-28,1.4272053241729736,0.020183228776764928,0.031068070592412487,0.029296470107714054,0.008363092417886837,0.006019289102868133,0.11194548395968537,0.16013174293907828,-0.0037622271086967638,Low volatility,High volatility,High volatility,N/A
2009-03-31,1.434493899345398,0.005093890282162006,0.029916028097398507,0.025807907712015795,0.008377888078601342,0.006021282454938782,0.11194548395968537,0.16013174293907828,-0.0037622271086967638,Low volatility,High volatility,High volatility,N/A
2009-04-30,1.4788086414337158,0.03042468798666481,0.02872239372076317,0.02357225773665797,0.008395797303890631,0.005966538386770887,0.11194548395968537,0.16013174293907828,-0.0037622271086967638,Medium volatility,High volatility,Medium volatility,N/A
2009-05-31,1.6186991930007935,0.09038606780208575,0.028379893497092707,0.021460673882134004,0.007936173811975936,0.005996063941101659,0.11194548395968537,0.16013174293907828,-0.0037622271086967638,High volatility,Medium volatility,Medium volatility,N/A
2009-06-30,1.6466867923736572,0.017142405136371885,0.03283597504738724,0.033301588428918956,0.007729619066235222,0.006186850115074129,0.11194548395968537,0.16013174293907828,-0.0037622271086967638,Low volatility,High volatility,High volatility,N/A
2009-07-31,1.670508861541748,0.014363022978489515,0.03138721625761184,0.02917695491768533,0.0076255277204397036,0.00551475169714501,0.11194548395968537,0.16013174293907828,-0.0037622271086967638,Low volatility,High volatility,High volatility,N/A
2009-08-31,1.629195213317871,0.02504212879377704,0.030099520942747864,0.02578630649536507,0.007577238771316825,0.005342475606491828,0.11194548395968537,0.16013174293907828,-0.0037622271086967638,Medium volatility,High volatility,High volatility,N/A
2009-09-30,1.6002048254013062,0.01795452180279139,0.029242283850699984,0.022980694908695073,0.007548636459570226,0.0054384740050524415,0.11194548395968537,0.16013174293907828,-0.0037622271086967638,Low volatility,High volatility,Medium volatility,N/A
2009-10-31,1.6447908878326416,0.027481619350125774,0.028327208038950173,0.02058133537924604,0.00773099859517107,0.005762530033321636,0.11194548395968537,0.16013174293907828,-0.0037622271086967638,Medium volatility,Medium volatility,Medium volatility,N/A
2009-11-30,1.6457926034927368,0.0006088377296483705,0.02793217908790441,0.01885136194784376,0.007583008234169043,0.005896790641251119,0.11194548395968537,0.16013174293907828,-0.0037622271086967638,Low volatility,Medium volatility,Medium volatility,N/A
2009-12-31,1.6182016134262085,0.016906676566950607,0.027027142911343855,0.01868884616761859,0.00797824610980534,0.00601059233717091,0.11194548395968537,0.16013174293907828,-0.0037622271086967638,Low volatility,Medium volatility,Medium volatility,N/A
2010-01-31,1.5984909534454346,0.012255387341590873,0.026455714023752637,0.017109680679401128,0.00821811443012037,0.006070495471658816,0.11194548395968537,0.16013174293907828,-0.0037622271086967638,Low volatility,Medium volatility,Medium volatility,N/A
2010-02-28,1.523902416229248,0.047785606230728916,0.02588717818851673,0.01606426945816306,0.008233008241656839,0.0059508670229318555,0.11194548395968537,0.16013174293907828,-0.0037622271086967638,Medium volatility,Medium volatility,Low volatility,N/A
2010-03-31,1.5183724164962769,0.0036354413244042982,0.026959557667371317,0.018467505889289776,0.008251192183966258,0.00599287652612844,0.11194548395968537,0.16013174293907828,-0.0037622271086967638,Low volatility,Medium volatility,Medium volatility,N/A
2010-04-30,1.5300110578536987,0.0076359801892672,0.02621640281201824,0.017976990807629187,0.008174423256743132,0.006039164542159656,0.11194548395968537,0.16013174293907828,-0.0037622271086967638,Low volatility,Medium volatility,Medium volatility,N/A
2010-05-31,1.4522007703781128,0.052194784279348705,0.025649081992504208,0.017134185519081295,0.008050540301277317,0.00600834959256772,0.11194548395968537,0.16013174293907828,-0.0037622271086967638,High volatility,Medium volatility,Medium volatility,N/A
2010-06-30,1.4944332838058472,0.02866688214419888,0.027088569722428884,0.02016194150102296,0.007943157391971734,0.00603437978514867,0.11194548395968537,0.16013174293907828,-0.0037622271086967638,Medium volatility,Medium volatility,Medium volatility,N/A
2010-07-31,1.5687997341156006,0.04856376581888783,0.02696649702527937,0.018594313409729592,0.008145848962298665,0.006061240067114489,0.11194548395968537,0.16013174293907828,-0.0037622271086967638,High volatility,Medium volatility,Medium volatility,N/A
2010-08-31,1.54659903049469,0.01425248008707175,0.027993428741436174,0.020299379105530323,0.008150242905448975,0.006307070076104414,0.11194548395968537,0.16013174293907828,-0.0037622271086967638,Low volatility,Medium volatility,Medium volatility,N/A
2010-09-30,1.57957923412323,0.021100157725537028,0.02720343888521452,0.01849533070125416,0.008171145555274987,0.006311354538652845,0.11194548395968537,0.16013174293907828,-0.0037622271086967638,Low volatility,Medium volatility,Medium volatility,N/A
2010-10-31,1.5774115324020386,0.0013732710813372795,0.026774967998871527,0.016931650227069966,0.00813868577899688,0.006366768236410777,0.11194548395968537,0.16013174293907828,-0.0037622271086967638,Low volatility,Medium volatility,Medium volatility,N/A
2010-11-30,1.5556211471557617,0.01391031555567035,0.026057284638323106,0.017162972593051117,0.008056270024692603,0.0058814445945492,0.11194548395968537,0.16013174293907828,-0.0037622271086967638,Low volatility,Medium volatility,Medium volatility,N/A
2010-12-31,1.5437101125717163,0.007686234368662337,0.025587691613944388,0.016006940183539695,0.008271566197378021,0.005607746021857237,0.11194548395968537,0.16013174293907828,-0.0037622271086967638,Low volatility,Low volatility,Low volatility,N/A
2011-01-31,1.5829297304153442,0.02508870672788438,0.025105063357701525,0.01562579928444403,0.00824387810500614,0.005544896487309229,0.11194548395968537,0.16013174293907828,-0.0037622271086967638,Medium volatility,Low volatility,Low volatility,N/A
2011-02-28,1.610046625137329,0.016985748511670784,0.025205892329919516,0.01478970457493584,0.008222455385032903,0.005575168817881228,0.11194548395968537,0.16013174293907828,-0.0037622271086967638,Low volatility,Low volatility,Low volatility,N/A
2011-03-31,1.6074068546295166,0.0016409070817826055,0.025009088050186697,0.01402411358922045,0.008087013136524084,0.005485292946649342,0.11194548395968537,0.16013174293907828,-0.0037622271086967638,Low volatility,Low volatility,Low volatility,N/A
2011-04-30,1.665001630783081,0.035203871673334,0.0245919817729399,0.0150648323558758,0.00807468781457418,0.005701012914497315,0.11194548395968537,0.16013174293907828,-0.0037622271086967638,Medium volatility,Low volatility,Low volatility,N/A
2011-05-31,1.6487774848937988,0.009792007830495941,0.025285163490270237,0.015405670927631069,0.008290957873820066,0.00579442105225186,0.11194548395968537,0.16013174293907828,-0.0037622271086967638,Low volatility,Low volatility,Low volatility,N/A
2011-06-30,1.6075878143310547,0.025299291524459866,0.024880689463566877,0.014951217816142318,0.008123924450135094,0.005473389142105124,0.11194548395968537,0.16013174293907828,-0.0037622271086967638,Medium volatility,Low volatility,Low volatility,N/A
2011-07-31,1.6368486881256104,0.018038058168847904,0.024953759376194776,0.014279705998992327,0.008083561693280974,0.005530982489685494,0.11194548395968537,0.16013174293907828,-0.0037622271086967638,Low volatility,Low volatility,Low volatility,N/A
2011-08-31,1.6307626962661743,0.003725044493306795,0.024833769533752364,0.013605829828306692,0.008063318152116283,0.005483128271035814,0.11194548395968537,0.16013174293907828,-0.0037622271086967638,Low volatility,Low volatility,Low volatility,N/A
2011-09-30,1.5599408149719238,0.04439993578063334,0.024452956454643546,0.014424786094590513,0.007956177922155796,0.005817776877505839,0.11194548395968537,0.16013174293907828,-0.0037622271086967638,Medium volatility,Low volatility,Low volatility,N/A
2011-10-31,1.6111880540847778,0.03232394723656207,0.025617271825308378,0.01667216942652455,0.007951747574299036,0.005812132750992999,0.11194548395968537,0.16013174293907828,-0.0037622271086967638,Medium volatility,Low volatility,Medium volatility,N/A
2011-11-30,1.5597946643829346,0.03241764145523113,0.025947576681128768,0.016213878699511883,0.007917436867121496,0.005896228370341718,0.11194548395968537,0.16013174293907828,-0.0037622271086967638,Medium volatility,Medium volatility,Low volatility,N/A
2011-12-31,1.5415922403335571,0.011738382611974574,0.026119973584740858,0.0158794366097092,0.00786521885053491,0.005708259416860221,0.11194548395968537,0.16013174293907828,-0.0037622271086967638,Low volatility,Medium volatility,Low volatility,N/A
2012-01-31,1.570845127105713,0.018797967459107612,0.025600236288140676,0.015145031349500501,0.007600351883867402,0.005406930418298256,0.11194548395968537,0.16013174293907828,-0.0037622271086967638,Low volatility,Low volatility,Low volatility,N/A
2012-02-29,1.5922045707702637,0.013505806344783933,0.025385066582570486,0.014267954815273532,0.00794460110080842,0.005572271843928662,0.11194548395968537,0.16013174293907828,-0.0037622271086967638,Low volatility,Low volatility,Low volatility,N/A
2012-03-31,1.595914363861084,0.002327262464973834,0.025067503803564945,0.013784238191708575,0.00792718883102687,0.005649480756545028,0.11194548395968537,0.16013174293907828,-0.0037622271086967638,Low volatility,Low volatility,Low volatility,N/A
2012-04-30,1.6281341314315796,0.019987813641291985,0.02464870369677395,0.014781261024719407,0.007486010414120869,0.005257536075480982,0.11194548395968537,0.16013174293907828,-0.0037622271086967638,Low volatility,Low volatility,Low volatility,N/A
2012-05-31,1.5482993125915527,0.05027754363639808,0.024647371779329335,0.01398164549602628,0.007533759491073273,0.005271617470893156,0.11194548395968537,0.16013174293907828,-0.0037622271086967638,High volatility,Low volatility,Low volatility,N/A
2012-06-30,1.5518311262130737,0.0022784945467291817,0.026179074600949495,0.017792036162036826,0.007431632239053767,0.005175703278834574,0.11194548395968537,0.16013174293907828,-0.0037622271086967638,Low volatility,Medium volatility,Medium volatility,N/A
2012-07-31,1.5713387727737427,0.012492372100692872,0.02556921659963471,0.017658010650295958,0.007411965714652842,0.005206041490047416,0.11194548395968537,0.16013174293907828,-0.0037622271086967638,Low volatility,Low volatility,Medium volatility,N/A
2012-08-31,1.5790305137634277,0.00488308231441581,0.02519690266503716,0.016479574628494413,0.007396403796151301,0.005214914395559556,0.11194548395968537,0.16013174293907828,-0.0037622271086967638,Low volatility,Low volatility,Low volatility,N/A
2012-09-30,1.6232975721359253,0.027648558872548856,0.02477420626164018,0.016323174284903662,0.007366839917020082,0.005394774339346535,0.11194548395968537,0.16013174293907828,-0.0037622271086967638,Medium volatility,Low volatility,Low volatility,N/A
2012-10-31,1.6074585914611816,0.009805201489515747,0.025048634489194872,0.015498114041383728,0.007487149042759948,0.005287788202005574,0.11194548395968537,0.16013174293907828,-0.0037622271086967638,Low volatility,Low volatility,Low volatility,N/A
2012-11-30,1.6041065454483032,0.002087485127791666,0.02468590638073702,0.01502004875683291,0.0074568334202103825,0.005308192348359939,0.11194548395968537,0.16013174293907828,-0.0037622271086967638,Low volatility,Low volatility,Low volatility,N/A
2012-12-31,1.616292119026184,0.007567778405319525,0.024326099867326832,0.015680949139721387,0.007703125839405376,0.005053796326873923,0.11194548395968537,0.16013174293907828,-0.0037622271086967638,Low volatility,Low volatility,Low volatility,N/A
2013-01-31,1.579778790473938,0.022849879278728613,0.024088946073835615,0.015394353291327729,0.0074497347739892915,0.00493945202963058,0.11194548395968537,0.16013174293907828,-0.0037622271086967638,Medium volatility,Low volatility,Low volatility,N/A
2013-02-28,1.5167601108551025,0.04070827725831283,0.02422371273684016,0.014512032943025398,0.007471812563199209,0.00479020671230005,0.11194548395968537,0.16013174293907828,-0.0037622271086967638,Medium volatility,Low volatility,Low volatility,N/A
2013-03-31,1.5197569131851196,0.001973842582976948,0.025202407159264827,0.015967196620591033,0.007333197325700413,0.004679609931522072,0.11194548395968537,0.16013174293907828,-0.0037622271086967638,Low volatility,Low volatility,Low volatility,N/A
2013-04-30,1.549426794052124,0.01933465571288767,0.024758351586658425,0.016372678269521913,0.007868100471573972,0.0051967969783550975,0.11194548395968537,0.16013174293907828,-0.0037622271086967638,Low volatility,Low volatility,Low volatility,N/A
2013-05-31,1.5229045152664185,0.017265675461132557,0.0247150209106797,0.015229654652814083,0.007475263585242641,0.005241282811973136,0.11194548395968537,0.16013174293907828,-0.0037622271086967638,Low volatility,Low volatility,Low volatility,N/A
2013-06-30,1.5258322954177856,0.0019206518851556664,0.024561111759711002,0.014359076339651724,0.007222190997358054,0.005435913174629811,0.11194548395968537,0.16013174293907828,-0.0037622271086967638,Low volatility,Low volatility,Low volatility,N/A
2013-07-31,1.5242043733596802,0.001067477141737938,0.02422930491011847,0.015247115124066771,0.0072404919536319685,0.005480433794801502,0.11194548395968537,0.16013174293907828,-0.0037622271086967638,Low volatility,Low volatility,Low volatility,N/A
2013-08-31,1.550652027130127,0.01720295361421964,0.02394960554872463,0.01601110947117229,0.007359479864867966,0.0052886485042397905,0.11194548395968537,0.16013174293907828,-0.0037622271086967638,Low volatility,Low volatility,Low volatility,N/A
2013-09-30,1.6168932914733887,0.04183108160774085,0.023992421070124975,0.014972700032520709,0.007458989746874524,0.005239562879514942,0.11194548395968537,0.16013174293907828,-0.0037622271086967638,Medium volatility,Low volatility,Low volatility,N/A
2013-10-31,1.602615475654602,0.008869619842388154,0.02522353781732473,0.016494848597903317,0.007392937942672949,0.005179143909830524,0.11194548395968537,0.16013174293907828,-0.0037622271086967638,Low volatility,Low volatility,Medium volatility,N/A
2013-11-30,1.6340937614440918,0.019451409428912547,0.024817733186223424,0.01587080323684625,0.007304352933887477,0.005144552303039503,0.11194548395968537,0.16013174293907828,-0.0037622271086967638,Low volatility,Low volatility,Low volatility,N/A
2013-12-31,1.6495118141174316,0.00939099756611217,0.024767086191788617,0.014833517749905397,0.006840042967009894,0.005047833542795384,0.11194548395968537,0.16013174293907828,-0.0037622271086967638,Low volatility,Low volatility,Low volatility,N/A
2014-01-31,1.6498383283615112,0.00019792639825744196,0.024478680108135604,0.014560117034367253,0.006997938580007263,0.004939554880917715,0.11194548395968537,0.16013174293907828,-0.0037622271086967638,Low volatility,Low volatility,Low volatility,N/A
2014-02-28,1.6691983938217163,0.011666207189784061,0.024155734010833502,0.01568910667092268,0.00665817195605569,0.004810373445433302,0.11194548395968537,0.16013174293907828,-0.0037622271086967638,Low volatility,Low volatility,Low volatility,N/A
2014-03-31,1.6643919944763184,0.0028836192309695807,0.024020506776639302,0.015004037678961163,0.006895576351352772,0.004748551762105158,0.11194548395968537,0.16013174293907828,-0.0037622271086967638,Low volatility,Low volatility,Low volatility,N/A
2014-04-30,1.6824253797531128,0.010776542478364015,0.023781180631078574,0.015541209727592606,0.006868136656079503,0.004808339569186354,0.11194548395968537,0.16013174293907828,-0.0037622271086967638,Low volatility,Low volatility,Low volatility,N/A
2014-05-31,1.6724364757537842,0.005954900050993639,0.02369721201274224,0.014964000431062666,0.0070572104285415264,0.004758980868637074,0.11194548395968537,0.16013174293907828,-0.0037622271086967638,Low volatility,Low volatility,Low volatility,N/A
2014-06-30,1.7034034729003906,0.01834676184089834,0.023533911628607407,0.015064006808934506,0.007033847121091557,0.004815606592480348,0.11194548395968537,0.16013174293907828,-0.0037622271086967638,Low volatility,Low volatility,Low volatility,N/A
2014-07-31,1.6910173892974854,0.007297939223905536,0.023691724418873294,0.014209652374942832,0.0071228489463097365,0.004974881298117002,0.11194548395968537,0.16013174293907828,-0.0037622271086967638,Low volatility,Low volatility,Low volatility,N/A
2014-08-31,1.6589525938034058,0.019143917667512333,0.023542006441483826,0.014339090524898103,0.0064772732181941845,0.0046380804929860185,0.11194548395968537,0.16013174293907828,-0.0037622271086967638,Low volatility,Low volatility,Low volatility,N/A
2014-09-30,1.624220371246338,0.021158506522524656,0.02366078888804114,0.013639350613118545,0.0067898537079998334,0.00470222752691221,0.11194548395968537,0.16013174293907828,-0.0037622271086967638,Low volatility,Low volatility,Low volatility,N/A
2014-10-31,1.600102424621582,0.014960286528468592,0.02382033593991984,0.013112736680234235,0.006835104362444747,0.004649650443937079,0.11194548395968537,0.16013174293907828,-0.0037622271086967638,Low volatility,Low volatility,Low volatility,N/A
2014-11-30,1.5724753141403198,0.017416631596014476,0.02377539245807589,0.012823324459485433,0.00677167386048545,0.0048496678794676985,0.11194548395968537,0.16013174293907828,-0.0037622271086967638,Low volatility,Low volatility,Low volatility,N/A
2014-12-31,1.5569047927856445,0.009951267864703905,0.023800362911062887,0.01250742690067852,0.006378039852297409,0.0045955255826555875,0.11194548395968537,0.16013174293907828,-0.0037622271086967638,Low volatility,Low volatility,Low volatility,N/A
2015-01-31,1.5079090595245361,0.03197578071236723,0.023664311099055015,0.01279006556787837,0.006188944017870109,0.004509347123611977,0.11194548395968537,0.16013174293907828,-0.0037622271086967638,Medium volatility,Low volatility,Low volatility,N/A
2015-02-28,1.5418059825897217,0.022230482886403446,0.02427392324327765,0.013322617368114617,0.006175026787003329,0.0045311313258118244,0.11194548395968537,0.16013174293907828,-0.0037622271086967638,Medium volatility,Low volatility,Low volatility,N/A
2015-03-31,1.4809110164642334,0.04029699523181546,0.02442329603906306,0.012896296996781801,0.006156772540252027,0.004576335364770702,0.11194548395968537,0.16013174293907828,-0.0037622271086967638,Medium volatility,Low volatility,Low volatility,N/A
2015-04-30,1.542686104774475,0.04086767084628351,0.025333156343519337,0.014827677920731702,0.0060363245175632215,0.0047718106018031555,0.11194548395968537,0.16013174293907828,-0.0037622271086967638,Medium volatility,Low volatility,Low volatility,N/A
2015-05-31,1.531909704208374,0.007009991143498373,0.026205136239798272,0.016209664339100253,0.006035980245987082,0.004794577786078276,0.11194548395968537,0.16013174293907828,-0.0037622271086967638,Low volatility,Medium volatility,Low volatility,N/A
2015-06-30,1.573192834854126,0.026592077291416105,0.02561026915401616,0.01585586351701449,0.005745551179714744,0.0043984077962964194,0.11194548395968537,0.16013174293907828,-0.0037622271086967638,Medium volatility,Low volatility,Low volatility,N/A
2015-07-31,1.5604275465011597,0.00814735507945824,0.025676802538049055,0.015060092195652342,0.005807837046689669,0.0041329818900047045,0.11194548395968537,0.16013174293907828,-0.0037622271086967638,Low volatility,Medium volatility,Low volatility,N/A
2015-08-31,1.5418059825897217,0.012005406682927544,0.025183770133993474,0.014864235526979555,0.006395569352611841,0.004687328535612227,0.11194548395968537,0.16013174293907828,-0.0037622271086967638,Low volatility,Low volatility,Low volatility,N/A
2015-09-30,1.5157945156097412,0.017014711058401466,0.02483167752100429,0.014346066328974753,0.006350015949158128,0.004739750954197178,0.11194548395968537,0.16013174293907828,-0.0037622271086967638,Low volatility,Low volatility,Low volatility,N/A
2015-10-31,1.532379150390625,0.010881793658398087,0.024649997899505397,0.013680177169559792,0.006190118441259796,0.004505157953402518,0.11194548395968537,0.16013174293907828,-0.0037622271086967638,Low volatility,Low volatility,Low volatility,N/A
2015-11-30,1.5038950443267822,0.018763089163227387,0.024409236645809445,0.013551913642894688,0.006232748149030977,0.004473182029369512,0.11194548395968537,0.16013174293907828,-0.0037622271086967638,Low volatility,Low volatility,Low volatility,N/A
2015-12-31,1.481920599937439,0.014719489587306456,0.024352661161793025,0.013036888267650239,0.006271220231941486,0.004322411964972047,0.11194548395968537,0.16013174293907828,-0.0037622271086967638,Low volatility,Low volatility,Low volatility,N/A
2016-01-31,1.4362038373947144,0.031335540549287166,0.02420379160826067,0.012779578813659697,0.006247137083441349,0.004403754715520656,0.11194548395968537,0.16013174293907828,-0.0037622271086967638,Medium volatility,Low volatility,Low volatility,N/A
2016-02-29,1.3861935138702393,0.03544189718013119,0.02467076277212719,0.013229979026965663,0.006141175880711912,0.004387629810746915,0.11194548395968537,0.16013174293907828,-0.0037622271086967638,Medium volatility,Low volatility,Low volatility,N/A
2016-03-31,1.4374011754989624,0.036275232428480464,0.02525070717140966,0.01415098549772135,0.005984223328390201,0.004207233741780327,0.11194548395968537,0.16013174293907828,-0.0037622271086967638,Medium volatility,Low volatility,Low volatility,N/A
2016-04-30,1.4611338376998901,0.016375991638733933,0.025866508817595675,0.014925509491664874,0.005916071054489872,0.004248615715957615,0.11194548395968537,0.16013174293907828,-0.0037622271086967638,Low volatility,Medium volatility,Low volatility,N/A
2016-05-31,1.4635074138641357,0.0016231574960537953,0.025534211893020402,0.014148194957271178,0.005768745231453231,0.0042300615347455345,0.11194548395968537,0.16013174293907828,-0.0037622271086967638,Low volatility,Low volatility,Low volatility,N/A
2016-06-30,1.3465837240219116,0.08326508264665416,0.02503125981618632,0.01515301540155992,0.005743626126881804,0.004365240541453117,0.11194548395968537,0.16013174293907828,-0.0037622271086967638,High volatility,Low volatility,Low volatility,N/A
2016-07-31,1.316187858581543,0.022831237937920412,0.02951114266423793,0.028258803158437266,0.005638871444118176,0.004501338679588432,0.11194548395968537,0.16013174293907828,-0.0037622271086967638,Medium volatility,High volatility,High volatility,N/A
2016-08-31,1.3090718984603882,0.005421160728669383,0.028682158056866414,0.02497173890079476,0.0060576766748606905,0.004822686134705735,0.11194548395968537,0.16013174293907828,-0.0037622271086967638,Low volatility,Medium volatility,Medium volatility,N/A
2016-09-30,1.2963443994522095,0.00977010872327172,0.027669393284431017,0.02287012168412585,0.005973598220122125,0.004765666550315424,0.11194548395968537,0.16013174293907828,-0.0037622271086967638,Low volatility,Medium volatility,Medium volatility,N/A
2016-10-31,1.2215979099273682,0.05938853895506477,0.026861083322723057,0.02082605082363872,0.005912507891064122,0.004962369998136945,0.11194548395968537,0.16013174293907828,-0.0037622271086967638,High volatility,Medium volatility,Medium volatility,N/A
2016-11-30,1.249219298362732,0.02235903089435662,0.028571824423846273,0.024207559929302177,0.0058248029777962914,0.004932460738029515,0.11194548395968537,0.16013174293907828,-0.0037622271086967638,Medium volatility,Medium volatility,Medium volatility,N/A
2016-12-31,1.2288031578063965,0.016478141647340544,0.02794806468352377,0.021606812873052612,0.005809851367017553,0.004963471554234036,0.11194548395968537,0.16013174293907828,-0.0037622271086967638,Low volatility,Medium volatility,Medium volatility,N/A
2017-01-31,1.25,0.01710289807681689,0.027211638183315016,0.019482946590429928,0.005534707817859989,0.004658099228570406,0.11194548395968537,0.16013174293907828,-0.0037622271086967638,Low volatility,Medium volatility,Medium volatility,N/A
2017-02-28,1.2439358234405518,0.004863147202128326,0.02666385625633382,0.017744941832153895,0.005667189569543408,0.004546256013934158,0.11194548395968537,0.16013174293907828,-0.0037622271086967638,Low volatility,Medium volatility,Medium volatility,N/A
2017-03-31,1.2478474378585815,0.003139613056964363,0.025975782347858068,0.017273737453585254,0.005314092712642669,0.004229285454506391,0.11194548395968537,0.16013174293907828,-0.0037622271086967638,Low volatility,Medium volatility,Medium volatility,N/A
2017-04-30,1.2893576622009277,0.03272414091474746,0.025405294534025437,0.01715105904196613,0.005377536717702933,0.004190683681966831,0.11194548395968537,0.16013174293907828,-0.0037622271086967638,Medium volatility,Low volatility,Medium volatility,N/A
2017-05-31,1.2809016704559326,0.0065798981029570325,0.025798242676660494,0.01662283546050152,0.005364382472224301,0.004212164166366044,0.11194548395968537,0.16013174293907828,-0.0037622271086967638,Low volatility,Medium volatility,Medium volatility,N/A
2017-06-30,1.3011176586151123,0.01565937252038782,0.025268849276049582,0.016217475073132346,0.005350154904333915,0.004234330161125437,0.11194548395968537,0.16013174293907828,-0.0037622271086967638,Low volatility,Low volatility,Low volatility,N/A
2017-07-31,1.3144922256469727,0.010226818364766244,0.025024636876681664,0.015182965033636238,0.005303921753249674,0.004345917080347323,0.11194548395968537,0.16013174293907828,-0.0037622271086967638,Low volatility,Low volatility,Low volatility,N/A
2017-08-31,1.2920564413070679,0.017215361237562954,0.0247047274968505,0.014741107662476806,0.005277186756046912,0.004378499238548829,0.11194548395968537,0.16013174293907828,-0.0037622271086967638,Low volatility,Low volatility,Low volatility,N/A
2017-09-30,1.343021035194397,0.038686490630218395,0.024551399985215064,0.013980339217904017,0.005610258838882699,0.004432825084408862,0.11194548395968537,0.16013174293907828,-0.0037622271086967638,Medium volatility,Low volatility,Low volatility,N/A
2017-10-31,1.3212482929229736,0.016344614073840913,0.025457437016024796,0.015227879394906059,0.005615922948403394,0.004302623251497743,0.11194548395968537,0.16013174293907828,-0.0037622271086967638,Low volatility,Low volatility,Low volatility,N/A
2017-11-30,1.3417235612869263,0.015378061046650016,0.02514642509651006,0.014384259856766965,0.0058286090167196805,0.004306309153750221,0.11194548395968537,0.16013174293907828,-0.0037622271086967638,Low volatility,Low volatility,Low volatility,N/A
2017-12-31,1.344085931777954,0.0017591501603859694,0.024917025139139744,0.01376967221127444,0.005865693721711038,0.004329233643843845,0.11194548395968537,0.16013174293907828,-0.0037622271086967638,Low volatility,Low volatility,Low volatility,N/A
2018-01-31,1.4155884981155396,0.05183116696933693,0.02452177673403064,0.014870286451845972,0.005727664736661761,0.004373818436501079,0.11194548395968537,0.16013174293907828,-0.0037622271086967638,High volatility,Low volatility,Low volatility,N/A
2018-02-28,1.3906078338623047,0.017804402253804363,0.026354738272194277,0.018701806826758566,0.005340529916281873,0.0037764070323698545,0.11194548395968537,0.16013174293907828,-0.0037622271086967638,Low volatility,Medium volatility,Medium volatility,N/A
2018-03-31,1.4029377698898315,0.008827502997042769,0.025921414165591232,0.01710258646602359,0.005385574745783788,0.0037134668076419072,0.11194548395968537,0.16013174293907828,-0.0037622271086967638,Low volatility,Medium volatility,Medium volatility,N/A
2018-04-30,1.37710702419281,0.01858350565280059,0.025421519862750545,0.016341125585974618,0.0053677929243424365,0.0036406548843864518,0.11194548395968537,0.16013174293907828,-0.0037622271086967638,Low volatility,Low volatility,Low volatility,N/A
2018-05-31,1.328356385231018,0.03604256202735939,0.02517436583381992,0.015209558263191677,0.005299337066705076,0.0038839806928318483,0.11194548395968537,0.16013174293907828,-0.0037622271086967638,Medium volatility,Low volatility,Low volatility,N/A
2018-06-30,1.3075141906738281,0.015814607238389067,0.025682873183357238,0.015636449746262843,0.005229841875011104,0.003869791110299829,0.11194548395968537,0.16013174293907828,-0.0037622271086967638,Low volatility,Medium volatility,Low volatility,N/A
2018-07-31,1.3135426044464111,0.0045999952491557194,0.025319447622975555,0.014721869972868513,0.005216585574508538,0.0038851209639042083,0.11194548395968537,0.16013174293907828,-0.0037622271086967638,Low volatility,Low volatility,Low volatility,N/A
2018-08-31,1.301100730895996,0.009517143155527041,0.02487285241672124,0.015078134352888791,0.005151339934720559,0.003974739935817848,0.11194548395968537,0.16013174293907828,-0.0037622271086967638,Low volatility,Low volatility,Low volatility,N/A
2018-09-30,1.3078734874725342,0.005191903961826172,0.024537223989394886,0.014730958810646004,0.005032564253960632,0.004208064988984183,0.11194548395968537,0.16013174293907828,-0.0037622271086967638,Low volatility,Low volatility,Low volatility,N/A
2018-10-31,1.2708903551101685,0.028684804387625135,0.02423378274937413,0.014999508535262622,0.0050321686563638,0.004409737898254081,0.11194548395968537,0.16013174293907828,-0.0037622271086967638,Medium volatility,Low volatility,Low volatility,N/A
2018-11-30,1.2784454822540283,0.005927151026125871,0.024572295697575394,0.014570494468158987,0.004952368192714368,0.004466682019168124,0.11194548395968537,0.16013174293907828,-0.0037622271086967638,Low volatility,Low volatility,Low volatility,N/A
2018-12-31,1.269357681274414,0.0071338631265079055,0.024270404041178726,0.014781358014343172,0.005241413108790568,0.004554705067720662,0.11194548395968537,0.16013174293907828,-0.0037622271086967638,Low volatility,Low volatility,Low volatility,N/A
2019-01-31,1.3117163181304932,0.03282543645234151,0.0240140613660904,0.014778270810696981,0.005219826595757631,0.0046732024224208565,0.11194548395968537,0.16013174293907828,-0.0037622271086967638,Medium volatility,Low volatility,Low volatility,N/A
2019-02-28,1.3318239450454712,0.015212943787583033,0.024698356233357713,0.014865784633108881,0.004917510667354401,0.0042208525169442415,0.11194548395968537,0.16013174293907828,-0.0037622271086967638,Low volatility,Low volatility,Low volatility,N/A
2019-03-31,1.30565345287323,0.019845744371043472,0.024546249159970918,0.014148231477023968,0.004847837114127539,0.004356929238281215,0.11194548395968537,0.16013174293907828,-0.0037622271086967638,Low volatility,Low volatility,Low volatility,N/A
2019-04-30,1.2932428121566772,0.009550773705087112,0.02449592040135471,0.013490958581757412,0.00489346266761724,0.004144224656504394,0.11194548395968537,0.16013174293907828,-0.0037622271086967638,Low volatility,Low volatility,Low volatility,N/A
2019-05-31,1.2609704732894897,0.02527123052211705,0.024227935473107583,0.013548184835994634,0.005204789850131038,0.004490077893216347,0.11194548395968537,0.16013174293907828,-0.0037622271086967638,Medium volatility,Low volatility,Low volatility,N/A
2019-06-30,1.267748475074768,0.00536083143769675,0.02442573170720439,0.013208185935600695,0.005184195911572967,0.004456097774000349,0.11194548395968537,0.16013174293907828,-0.0037622271086967638,Low volatility,Low volatility,Low volatility,N/A
2019-07-31,1.2161602973937988,0.04154387446203198,0.02414390630225775,0.01389185274538982,0.005295579874724105,0.004551377646147455,0.11194548395968537,0.16013174293907828,-0.0037622271086967638,Medium volatility,Low volatility,Low volatility,N/A
2019-08-31,1.218650221824646,0.0020452723357063107,0.0251923886093494,0.015724949747933946,0.005101501466523037,0.004575255454852775,0.11194548395968537,0.16013174293907828,-0.0037622271086967638,Low volatility,Low volatility,Low volatility,N/A
2019-09-30,1.2293167114257812,0.008714625153991434,0.024750414461672567,0.016187916258271436,0.005196061855878786,0.004463953387358211,0.11194548395968537,0.16013174293907828,-0.0037622271086967638,Low volatility,Low volatility,Low volatility,N/A
2019-10-31,1.290172815322876,0.048317678907238704,0.02445408982639444,0.015652419993441448,0.005218648427979437,0.004503948930857467,0.11194548395968537,0.16013174293907828,-0.0037622271086967638,Medium volatility,Low volatility,Low volatility,N/A
2019-11-30,1.29128897190094,0.0008647477589187047,0.026034837482958387,0.01832717643413977,0.005265771271084222,0.004331415617395396,0.11194548395968537,0.16013174293907828,-0.0037622271086967638,Low volatility,Medium volatility,Medium volatility,N/A
2019-12-31,1.3113033771514893,0.015380664447886772,0.02544378853468894,0.018262530703690615,0.005482024325732551,0.004277035986517477,0.11194548395968537,0.16013174293907828,-0.0037622271086967638,Low volatility,Low volatility,Medium volatility,N/A
2020-01-31,1.3089004755020142,0.0018341338752436709,0.025160936277605617,0.01681420515537003,0.005509030079050384,0.004122237044353897,0.11194548395968537,0.16013174293907828,-0.0037622271086967638,Low volatility,Low volatility,Medium volatility,N/A
2020-02-29,1.2888922691345215,0.015404309722124032,0.024717616415923516,0.0170062486168871,0.005460130306859628,0.00409682510479611,0.11194548395968537,0.16013174293907828,-0.0037622271086967638,Low volatility,Low volatility,Medium volatility,N/A
2020-03-31,1.2371643781661987,0.040961174262954425,0.024517645988997597,0.015814624760346358,0.005068958142619098,0.0036513965443017386,0.11194548395968537,0.16013174293907828,-0.0037622271086967638,Medium volatility,Low volatility,Low volatility,N/A
2020-04-30,1.2471472024917603,0.008036735919158045,0.02544759893360095,0.016899098954041913,0.005082382947220825,0.0035554921734479886,0.11194548395968537,0.16013174293907828,-0.0037622271086967638,Low volatility,Low volatility,Medium volatility,N/A
2020-05-31,1.2321492433547974,0.012098708171966732,0.025018234595290716,0.01626483225244242,0.004952364054368646,0.003636555295906665,0.11194548395968537,0.16013174293907828,-0.0037622271086967638,Low volatility,Low volatility,Low volatility,N/A
2020-06-30,1.2310571670532227,0.0008867112138996047,0.024697114762174423,0.015416446010425551,0.004890831352345217,0.003650762925065724,0.11194548395968537,0.16013174293907828,-0.0037622271086967638,Low volatility,Low volatility,Low volatility,N/A
2020-07-31,1.311785101890564,0.06351559716805083,0.024334395020340717,0.01616059203783682,0.004894049697511972,0.0038209422226985045,0.11194548395968537,0.16013174293907828,-0.0037622271086967638,High volatility,Low volatility,Low volatility,N/A
2020-08-31,1.3356484174728394,0.018027997091993098,0.027219262721288925,0.022579004318219166,0.00494451558046532,0.0038277608378907303,0.11194548395968537,0.16013174293907828,-0.0037622271086967638,Low volatility,Medium volatility,Medium volatility,N/A
2020-09-30,1.2866535186767578,0.03737220379599965,0.026695405848117817,0.02025084593621878,0.004884833503329651,0.0037936195799677798,0.11194548395968537,0.16013174293907828,-0.0037622271086967638,Medium volatility,Medium volatility,Medium volatility,N/A
2020-10-31,1.2931926250457764,0.005069387869348796,0.026969855690063823,0.019561272629253442,0.004685929939879857,0.0037950177158708213,0.11194548395968537,0.16013174293907828,-0.0037622271086967638,Low volatility,Medium volatility,Medium volatility,N/A
2020-11-30,1.333191156387329,0.03046137007584515,0.026247357843087175,0.018636729367655553,0.00493673251213362,0.0038421292379205016,0.11194548395968537,0.16013174293907828,-0.0037622271086967638,Medium volatility,Medium volatility,Medium volatility,N/A
2020-12-31,1.36306631565094,0.022161371656854223,0.026364233469331252,0.01753472722588862,0.004918512749678461,0.0038503834234886363,0.11194548395968537,0.16013174293907828,-0.0037622271086967638,Medium volatility,Medium volatility,Medium volatility,N/A
2021-01-31,1.3725008964538574,0.00689774184186942,0.026120712769994107,0.016181821010138344,0.005025970554414272,0.0038611645245774768,0.11194548395968537,0.16013174293907828,-0.0037622271086967638,Low volatility,Medium volatility,Low volatility,N/A
2021-02-28,1.4008152484893799,0.020419839932737716,0.025560352872780398,0.015848124903269232,0.005023448785132657,0.003895029117917652,0.11194548395968537,0.16013174293907828,-0.0037622271086967638,Low volatility,Low volatility,Low volatility,N/A
2021-03-31,1.3746649026870728,0.01884439320761727,0.025404054303604907,0.014818637357778136,0.0050126536377899395,0.003899236892953867,0.11194548395968537,0.16013174293907828,-0.0037622271086967638,Low volatility,Low volatility,Low volatility,N/A
2021-04-30,1.3952839374542236,0.014887939675255313,0.025167248192021773,0.014013241109826264,0.005401812771647683,0.004116677954303914,0.11194548395968537,0.16013174293907828,-0.0037622271086967638,Low volatility,Low volatility,Low volatility,N/A
2021-05-31,1.4180374145507812,0.016175879243927105,0.02492164923455637,0.013509343258007194,0.005734061650618151,0.004155401634324843,0.11194548395968537,0.16013174293907828,-0.0037622271086967638,Low volatility,Low volatility,Low volatility,N/A
2021-06-30,1.3842746019363403,0.02409756388145945,0.024754240979086625,0.013067257591584329,0.005465777451835892,0.004188630537049398,0.11194548395968537,0.16013174293907828,-0.0037622271086967638,Medium volatility,Low volatility,Low volatility,N/A
2021-07-31,1.3964334726333618,0.008745217305955677,0.02480651401358155,0.012778832300785777,0.0054493181901164,0.004160994502298519,0.11194548395968537,0.16013174293907828,-0.0037622271086967638,Low volatility,Low volatility,Low volatility,N/A
2021-08-31,1.376045823097229,0.014707425997967483,0.02450066376571544,0.013125362260889586,0.005454765259271442,0.004098963148414127,0.11194548395968537,0.16013174293907828,-0.0037622271086967638,Low volatility,Low volatility,Low volatility,N/A
2021-09-30,1.3426424264907837,0.024574408356549116,0.024324465549603942,0.012846686997242314,0.005398210720098702,0.004169243122466717,0.11194548395968537,0.16013174293907828,-0.0037622271086967638,Medium volatility,Low volatility,Low volatility,N/A
2021-10-31,1.380071759223938,0.027495864985213336,0.024476804938514923,0.01263940510331963,0.005415871177955064,0.0041658998877860415,0.11194548395968537,0.16013174293907828,-0.0037622271086967638,Medium volatility,Low volatility,Low volatility,N/A
2021-11-30,1.3315047025680542,0.0358258392069713,0.024803276932442747,0.012703129335843185,0.005089491630138394,0.0038348184630202817,0.11194548395968537,0.16013174293907828,-0.0037622271086967638,Medium volatility,Low volatility,Low volatility,N/A
2021-12-31,1.349837303161621,0.01367441096324884,0.025376410941505553,0.013856684602427533,0.00515469868210509,0.003635262760820742,0.11194548395968537,0.16013174293907828,-0.0037622271086967638,Low volatility,Low volatility,Low volatility,N/A
2022-01-31,1.3403388261795044,0.0070616316529722445,0.02506423704251619,0.013461033522782627,0.004994226843888677,0.0036698459337812903,0.11194548395968537,0.16013174293907828,-0.0037622271086967638,Low volatility,Low volatility,Low volatility,N/A
2022-02-28,1.337327480316162,0.002249232569108528,0.02466638048537228,0.01382892288460126,0.005138792563642641,0.0036325418686280675,0.11194548395968537,0.16013174293907828,-0.0037622271086967638,Low volatility,Low volatility,Low volatility,N/A
2022-03-31,1.3138878345489502,0.01768265020502574,0.02431032108378002,0.014825337178588225,0.005238864562857667,0.0037033166238973803,0.11194548395968537,0.16013174293907828,-0.0037622271086967638,Low volatility,Low volatility,Low volatility,N/A
2022-04-30,1.2463854551315308,0.052742828020682975,0.024242147705654235,0.014035041514902232,0.0052589142515271775,0.003713227638762452,0.11194548395968537,0.16013174293907828,-0.0037622271086967638,High volatility,Low volatility,Low volatility,N/A
2022-05-31,1.2647020816802979,0.014588859326551462,0.026058095303614887,0.018459400346787003,0.005368795196848009,0.0037707026058548566,0.11194548395968537,0.16013174293907828,-0.0037622271086967638,Low volatility,Medium volatility,Medium volatility,N/A
2022-06-30,1.2131799459457397,0.04159161907736489,0.025646860364110728,0.017003360743558547,0.005114852847865257,0.0037893092422896634,0.11194548395968537,0.16013174293907828,-0.0037622271086967638,Medium volatility,Low volatility,Medium volatility,N/A
2022-07-31,1.2173447608947754,0.0034270945805389696,0.026373315675214157,0.01784041991560974,0.005085113001300417,0.003833961521488158,0.11194548395968537,0.16013174293907828,-0.0037622271086967638,Low volatility,Medium volatility,Medium volatility,N/A
2022-08-31,1.1659767627716064,0.04311290267566842,0.025737479416535057,0.017533188886465982,0.005099293177781899,0.0037109417022605437,0.11194548395968537,0.16013174293907828,-0.0037622271086967638,Medium volatility,Medium volatility,Medium volatility,N/A
2022-09-30,1.1169440746307373,0.04296270735844543,0.02653795262639298,0.018490404129350536,0.005229438461458308,0.0037560750795464135,0.11194548395968537,0.16013174293907828,-0.0037622271086967638,Medium volatility,Medium volatility,Medium volatility,N/A
2022-10-31,1.159595012664795,0.03747436578721569,0.027161266427402186,0.01913692332074924,0.005211457854113895,0.003788322201221685,0.11194548395968537,0.16013174293907828,-0.0037622271086967638,Medium volatility,Medium volatility,Medium volatility,N/A
2022-11-30,1.1946860551834106,0.029812618393926016,0.027457591406056036,0.01873259127659986,0.005224429125425597,0.003772240625815463,0.11194548395968537,0.16013174293907828,-0.0037622271086967638,Medium volatility,Medium volatility,Medium volatility,N/A
2022-12-31,1.2056326866149902,0.009121044744206663,0.027317524638897923,0.01755272150168936,0.005136130060613234,0.0038886461788594363,0.11194548395968537,0.16013174293907828,-0.0037622271086967638,Low volatility,Medium volatility,Medium volatility,N/A
2023-01-31,1.2353609800338745,0.024358738612225372,0.02658601497896767,0.0166609208870881,0.005103462530994388,0.0038304128507192278,0.11194548395968537,0.16013174293907828,-0.0037622271086967638,Medium volatility,Medium volatility,Medium volatility,N/A
2023-02-28,1.2061562538146973,0.023924565290377064,0.026381877413309135,0.015563462583456625,0.004889810151854061,0.0037957200439945565,0.11194548395968537,0.16013174293907828,-0.0037622271086967638,Medium volatility,Medium volatility,Low volatility,N/A
2023-03-31,1.2387275695800781,0.026646045590347084,0.026126829372007603,0.014684569042869598,0.004966549624690699,0.003707491976887406,0.11194548395968537,0.16013174293907828,-0.0037622271086967638,Medium volatility,Medium volatility,Low volatility,N/A
2023-04-30,1.2449734210968018,0.005029481975693861,0.02609805520443587,0.014163652309460659,0.004919476176917262,0.0037509071338210766,0.11194548395968537,0.16013174293907828,-0.0037622271086967638,Low volatility,Medium volatility,Low volatility,N/A
