Date,GC=F,"GARCH(1,1) Volatility"
2000-09-03,277.0,
2000-09-10,273.29998779296875,0.015380677522820747
2000-09-17,272.29998779296875,0.015555196313515452
2000-09-24,271.79998779296875,0.015409231808795505
2000-10-01,273.6000061035156,0.015248601076901585
2000-10-08,269.29998779296875,0.015130751338499475
2000-10-15,272.3999938964844,0.015448784426284569
2000-10-22,271.20001220703125,0.015441666918174574
2000-10-29,264.3999938964844,0.015315497872357657
2000-11-05,264.6000061035156,0.016270568597286605
2000-11-12,264.5,0.016045029055109856
2000-11-19,265.70001220703125,0.015836029336864278
2000-11-26,266.29998779296875,0.015652920707533755
2000-12-03,268.70001220703125,0.015464607101247831
2000-12-10,272.20001220703125,0.01538411972979534
2000-12-17,270.3999938964844,0.0154348928112746
2000-12-24,273.70001220703125,0.015357801512969968
2000-12-31,272.0,0.015380631399596036
2001-01-07,268.0,0.015297019606958057
2001-01-14,263.8999938964844,0.01554586125538932
2001-01-21,264.29998779296875,0.01580481434391278
2001-01-28,262.79998779296875,0.015605971902988939
2001-02-04,267.1000061035156,0.015495353512098207
2001-02-11,259.8999938964844,0.01567903331219461
2001-02-18,258.20001220703125,0.016749166055446935
2001-02-25,260.8999938964844,0.016587309466521573
2001-03-04,262.1000061035156,0.016472629913048188
2001-03-11,270.79998779296875,0.01625301939771046
2001-03-18,258.1000061035156,0.017503572706411355
2001-03-25,261.5,0.02042862415214623
2001-04-01,257.8999938964844,0.020159368534629008
2001-04-08,260.0,0.020012712218567874
2001-04-15,260.1000061035156,0.019648929200480992
2001-04-22,264.79998779296875,0.01924338506745769
2001-04-29,263.8999938964844,0.01922420504678504
2001-05-06,266.1000061035156,0.018867451609928438
2001-05-13,267.8999938964844,0.01856903149850256
2001-05-20,287.3999938964844,0.018260163179834706
2001-05-27,277.8999938964844,0.0236598198624162
2001-06-03,266.3999938964844,0.024339016747116252
2001-06-10,273.3999938964844,0.02562316965366521
2001-06-17,271.20001220703125,0.02554171784278718
2001-06-24,272.29998779296875,0.02494407236985414
2001-07-01,270.6000061035156,0.024295129286502008
2001-07-08,265.8999938964844,0.023725852204319383
2001-07-15,267.1000061035156,0.02349959624467971
2001-07-22,269.8999938964844,0.022919935311941877
2001-07-29,267.3999938964844,0.022450304527903257
2001-08-05,267.8999938964844,0.022033106459258822
2001-08-12,273.8999938964844,0.021510640779989994
2001-08-19,279.29998779296875,0.021528520530740503
2001-08-26,272.5,0.021425130304182607
2001-09-02,274.3999938964844,0.021714309440347024
2001-09-09,273.1000061035156,0.021245467483020083
2001-09-16,290.20001220703125,0.020802757632435148
2001-09-23,291.8999938964844,0.02430804240234018
2001-09-30,292.3999938964844,0.02370222481657591
2001-10-07,291.3999938964844,0.023101607526629913
2001-10-14,284.8999938964844,0.02255214443956889
2001-10-21,280.1000061035156,0.022636669346439944
2001-10-28,277.8999938964844,0.022456538160227846
2001-11-04,279.79998779296875,0.022007434406401485
2001-11-11,277.3999938964844,0.021522334174225284
2001-11-18,274.70001220703125,0.02113790585842379
2001-11-25,272.8999938964844,0.020803203286093724
2001-12-02,273.8999938964844,0.02041356783900075
2001-12-09,273.8999938964844,0.019976566431917326
2001-12-16,278.0,0.019555539361245003
2001-12-23,278.0,0.01939587958411947
2001-12-30,276.5,0.019004181540166337
2002-01-06,278.8999938964844,0.01868912298314836
2002-01-13,287.3999938964844,0.018407300702744565
2002-01-20,283.1000061035156,0.019180043234789446
2002-01-27,278.79998779296875,0.019146346209151604
2002-02-03,286.0,0.019124849841285117
2002-02-10,303.5,0.019516666502579483
2002-02-17,298.3999938964844,0.023124876989372378
2002-02-24,293.20001220703125,0.0229126533222586
2002-03-03,298.0,0.02273923856689501
2002-03-10,290.1000061035156,0.022436458570718316
2002-03-17,289.8999938964844,0.022775934955362433
2002-03-24,297.29998779296875,0.02222195055308098
2002-03-31,302.6000061035156,0.02234443771169044
2002-04-07,300.1000061035156,0.022115584623708388
2002-04-14,302.1000061035156,0.021692785596274328
2002-04-21,302.29998779296875,0.02122097692273192
2002-04-28,311.6000061035156,0.020737268362553043
2002-05-05,312.20001220703125,0.02129537298988202
2002-05-12,311.0,0.020808355017028053
2002-05-19,310.6000061035156,0.020375665884656606
2002-05-26,320.3999938964844,0.0199407000314202
2002-06-02,326.5,0.020630405265946065
2002-06-09,324.6000061035156,0.020558042355208025
2002-06-16,319.1000061035156,0.020167752992716965
2002-06-23,324.6000061035156,0.020154465819649293
2002-06-30,313.5,0.0200402720530972
2002-07-07,310.8999938964844,0.021200981892721054
2002-07-14,315.6000061035156,0.020827083158183463
2002-07-21,323.8999938964844,0.020594887502225014
2002-07-28,303.3999938964844,0.02088850282076303
2002-08-04,307.0,0.02527103356252761
2002-08-11,314.20001220703125,0.02471295618399394
2002-08-18,313.70001220703125,0.024562963894545826
2002-08-25,306.70001220703125,0.02393097220241978
2002-09-01,312.3999938964844,0.02391730837463382
2002-09-08,319.8999938964844,0.023622340893060388
2002-09-15,316.6000061035156,0.023569595923399807
2002-09-22,321.8999938964844,0.02311989655774588
2002-09-29,319.70001220703125,0.02280746470357019
2002-10-06,322.1000061035156,0.022320785865488746
2002-10-13,316.29998779296875,0.02182940934508498
2002-10-20,312.70001220703125,0.02175158869503883
2002-10-27,313.3999938964844,0.021429326525183385
2002-11-03,318.79998779296875,0.0209365014190454
2002-11-10,321.29998779296875,0.020772228372987128
2002-11-17,320.70001220703125,0.020363785044624765
2002-11-24,320.70001220703125,0.019933463551332166
2002-12-01,316.79998779296875,0.019514596662915547
2002-12-08,326.29998779296875,0.01934951970906818
2002-12-15,333.20001220703125,0.019989923910396744
2002-12-22,340.5,0.02005748355385319
2002-12-29,349.20001220703125,0.020157350907031357
2003-01-05,351.20001220703125,0.020444301979027673
2003-01-12,354.5,0.02002365747178894
2003-01-19,356.6000061035156,0.019683090349859135
2003-01-26,368.20001220703125,0.019303702654307742
2003-02-02,368.29998779296875,0.020130612127182836
2003-02-09,369.8999938964844,0.019701154701455788
2003-02-16,351.8999938964844,0.01930487045503666
2003-02-23,351.79998779296875,0.022096899332699236
2003-03-02,350.20001220703125,0.02157342630757753
2003-03-09,350.79998779296875,0.021111646620083763
2003-03-16,336.5,0.020633211701938006
2003-03-23,326.0,0.022333679146927046
2003-03-30,328.70001220703125,0.023004231525416276
2003-04-06,325.29998779296875,0.02249091537315146
2003-04-13,327.8999938964844,0.02209889649717129
2003-04-20,327.20001220703125,0.02162572855793653
2003-04-27,333.3999938964844,0.021135331903097087
2003-05-04,341.0,0.021025876325021807
2003-05-11,348.6000061035156,0.021098050998198
2003-05-18,354.70001220703125,0.021140173681075493
2003-05-25,368.79998779296875,0.020973239870027662
2003-06-01,364.5,0.022173796860600916
2003-06-08,363.70001220703125,0.02183622861074907
2003-06-15,356.6000061035156,0.021336115895090022
2003-06-22,356.29998779296875,0.02136445263045564
2003-06-29,345.20001220703125,0.02087844431035394
2003-07-06,351.0,0.021692151921443758
2003-07-13,344.79998779296875,0.021465765023179362
2003-07-20,347.20001220703125,0.02139675284407558
2003-07-27,362.70001220703125,0.020943560270064086
2003-08-03,346.1000061035156,0.022568832523754977
2003-08-10,356.29998779296875,0.024501273559772222
2003-08-17,363.20001220703125,0.024662916192798187
2003-08-24,363.1000061035156,0.024352536916379394
2003-08-31,375.70001220703125,0.02372423225280486
2003-09-07,377.6000061035156,0.024265356941368416
2003-09-14,375.79998779296875,0.023654373147897364
2003-09-21,381.79998779296875,0.023094352311010157
2003-09-28,380.79998779296875,0.022758254075960736
2003-10-05,369.3999938964844,0.022217514233677224
2003-10-12,373.6000061035156,0.02280722850806446
2003-10-19,371.79998779296875,0.02236228932143564
2003-10-26,388.8999938964844,0.021865289147639574
2003-11-02,384.5,0.023486406155443024
2003-11-09,383.29998779296875,0.02306745655320035
2003-11-16,397.79998779296875,0.022516635273547074
2003-11-23,396.0,0.023393862947098974
2003-11-30,396.79998779296875,0.022843148477608197
2003-12-07,406.3999938964844,0.02228277374693666
2003-12-14,409.3999938964844,0.022332810698220323
2003-12-21,409.20001220703125,0.021839074572425007
2003-12-28,412.29998779296875,0.021328653465242254
2004-01-04,415.70001220703125,0.020887704200361675
2004-01-11,426.3999938964844,0.02048000661282629
2004-01-18,406.70001220703125,0.020751062075763854
2004-01-25,407.8999938964844,0.023006027956514418
2004-02-01,402.20001220703125,0.02244071246048798
2004-02-08,403.6000061035156,0.0221630174951521
2004-02-15,410.29998779296875,0.021639859853167135
2004-02-22,397.5,0.021409526963575665
2004-02-29,396.3999938964844,0.022171601820750782
2004-03-07,401.29998779296875,0.021660227762089437
2004-03-14,395.29998779296875,0.0212998082022731
2004-03-21,412.5,0.021127178287830076
2004-03-28,422.1000061035156,0.02262721859408188
2004-04-04,421.6000061035156,0.022608340511231298
2004-04-11,419.8999938964844,0.022064631386118676
2004-04-18,401.0,0.02157195986116394
2004-04-25,395.1000061035156,0.0235714988196126
2004-05-02,387.0,0.023254137276426893
2004-05-09,378.70001220703125,0.023197176993085794
2004-05-16,377.0,0.023190773612019565
2004-05-23,384.79998779296875,0.02264931171462409
2004-05-30,394.0,0.02251388152183326
2004-06-06,390.8999938964844,0.022533384413676638
2004-06-13,385.8999938964844,0.022080638663359648
2004-06-20,395.1000061035156,0.021783788088711023
2004-06-27,402.8999938964844,0.021852466000124846
2004-07-04,398.29998779296875,0.02172905671288852
2004-07-11,407.5,0.021409127897881106
2004-07-18,406.6000061035156,0.02146827442515536
2004-07-25,390.5,0.020986127969281423
2004-08-01,391.0,0.022523746630105677
2004-08-08,399.79998779296875,0.02197758533240948
2004-08-15,398.8999938964844,0.0219678403795617
2004-08-22,413.20001220703125,0.021461829546033005
2004-08-29,403.29998779296875,0.022303690855984507
2004-09-05,400.5,0.022499308788644486
2004-09-12,401.8999938964844,0.022030051836030153
2004-09-19,405.79998779296875,0.021513314412423403
2004-09-26,408.1000061035156,0.021100119310521286
2004-10-03,419.5,0.020645962704107835
2004-10-10,423.1000061035156,0.021032281670962254
2004-10-17,418.70001220703125,0.020622927500218977
2004-10-24,424.6000061035156,0.02033559645164817
2004-10-31,428.5,0.02009954176227817
2004-11-07,433.6000061035156,0.01975061643329464
2004-11-14,437.8999938964844,0.019484722253851026
2004-11-21,446.79998779296875,0.01918484052810553
2004-11-28,449.29998779296875,0.019272224347028723
2004-12-05,456.0,0.018910345015688595
2004-12-12,433.8999938964844,0.018789510236500356
2004-12-19,441.6000061035156,0.021655535162882333
2004-12-26,441.8999938964844,0.021465821334499192
2005-01-02,437.5,0.02097027131596986
2005-01-09,418.8999938964844,0.020650908861562317
2005-01-16,422.70001220703125,0.022526839697597664
2005-01-23,426.70001220703125,0.0220501964998318
2005-01-30,425.79998779296875,0.0216047402689015
2005-02-06,414.0,0.02111516168227792
2005-02-13,420.5,0.021651274400364323
2005-02-20,427.1000061035156,0.021389586664745736
2005-02-27,434.8999938964844,0.021143176055033623
2005-03-06,434.20001220703125,0.021005599757581924
2005-03-13,446.20001220703125,0.020541595759852184
2005-03-20,439.29998779296875,0.020918929150429918
2005-03-27,424.70001220703125,0.020790974226663077
2005-04-03,425.8999938964844,0.02178196481028218
2005-04-10,426.8999938964844,0.021274038385994405
2005-04-17,424.8999938964844,0.02078900204499831
2005-04-24,434.29998779296875,0.020368635326525934
2005-05-01,435.0,0.02045596992186491
2005-05-08,426.1000061035156,0.02000951195672361
2005-05-15,420.20001220703125,0.020186217752153707
2005-05-22,417.3999938964844,0.020040909342020095
2005-05-29,419.79998779296875,0.019693874024296402
2005-06-05,423.70001220703125,0.019311857553816147
2005-06-12,427.3999938964844,0.019007965951553723
2005-06-19,438.29998779296875,0.01870947657244212
2005-06-26,440.5,0.01911880817392445
2005-07-03,427.79998779296875,0.01875872139918052
2005-07-10,422.8999938964844,0.01961740988720653
2005-07-17,420.70001220703125,0.019421887841790778
2005-07-24,424.70001220703125,0.01908093787209016
2005-07-31,429.8999938964844,0.018794537514869276
2005-08-07,437.20001220703125,0.018594372951912984
2005-08-14,445.8999938964844,0.018574261493406883
2005-08-21,437.20001220703125,0.01868690715196028
2005-08-28,437.3999938964844,0.018916167922297188
2005-09-04,444.20001220703125,0.018547893756567593
2005-09-11,449.0,0.01847404198818604
2005-09-18,459.5,0.018253357419526328
2005-09-25,463.5,0.018577058065464357
2005-10-02,469.0,0.01830201918168741
2005-10-09,474.70001220703125,0.018120663247338877
2005-10-16,469.20001220703125,0.01795886866317115
2005-10-23,467.0,0.017872555353209623
2005-10-30,473.0,0.01760778556216887
2005-11-06,456.29998779296875,0.01750003294551998
2005-11-13,468.29998779296875,0.01910530828650373
2005-11-20,485.6000061035156,0.019527863005705536
2005-11-27,492.1000061035156,0.020673286731911864
2005-12-04,503.29998779296875,0.020396140972857926
2005-12-11,527.0,0.020513330905772727
2005-12-18,503.3999938964844,0.0224271086461564
2005-12-25,503.0,0.024279085108990822
2006-01-01,517.0999755859375,0.023656025395018328
2006-01-08,539.7000122070312,0.02380357120190013
2006-01-15,556.0999755859375,0.0249916833304681
2006-01-22,553.5,0.025166359663553583
2006-01-29,558.7000122070312,0.02453437968925333
2006-02-05,567.4000244140625,0.023964995839767432
2006-02-12,550.2000122070312,0.023568563220681186
2006-02-19,551.7999877929688,0.024060898303883773
2006-02-26,558.7999877929688,0.023446683791259578
2006-03-05,566.0,0.022999445839226203
2006-03-12,539.9000244140625,0.022580620610674344
2006-03-19,554.0999755859375,0.024546932799687417
2006-03-26,560.0,0.024540367851123117
2006-04-02,581.7999877929688,0.023993390703100106
2006-04-09,588.4000244140625,0.024799213409399504
2006-04-16,596.5,0.0242534402364151
2006-04-23,632.2000122070312,0.023791430743703282
2006-04-30,651.7999877929688,0.02645075237122088
2006-05-07,682.2000122070312,0.02654949646383073
2006-05-14,710.2999877929688,0.027662700265391447
2006-05-21,656.7000122070312,0.02827604838605081
2006-05-28,650.9000244140625,0.03274107318866111
2006-06-04,635.5,0.03183008759520434
2006-06-11,608.2000122070312,0.03138451592778104
2006-06-18,578.0,0.03207663830100377
2006-06-25,584.7999877929688,0.03322480534313433
2006-07-02,613.5,0.032299682833572894
2006-07-09,632.7999877929688,0.033022500602263964
2006-07-16,666.5999755859375,0.03270512268204513
2006-07-23,619.5999755859375,0.03369144074377381
2006-07-30,634.7999877929688,0.036645498393393525
2006-08-06,644.0,0.03586842853572096
2006-08-13,633.5,0.03487563297996637
2006-08-20,612.0999755859375,0.03402718616940875
2006-08-27,622.0,0.0339287942518892
2006-09-03,624.4000244140625,0.033056630196866235
2006-09-10,609.5999755859375,0.03205847126816801
2006-09-17,576.4000244140625,0.03160170027242758
2006-09-24,589.4000244140625,0.03321870326074353
2006-10-01,598.5999755859375,0.03255230691530616
2006-10-08,572.4000244140625,0.031730677825984765
2006-10-15,588.7999877929688,0.032451252989144065
2006-10-22,593.0,0.032048423529040936
2006-10-29,598.2000122070312,0.03111434484174414
2006-11-05,626.9000244140625,0.030237898645463623
2006-11-12,628.4000244140625,0.031076418424998167
2006-11-19,621.5,0.03015577760727647
2006-11-26,628.7000122070312,0.029400122663841653
2006-12-03,644.7000122070312,0.028641858975209492
2006-12-10,626.0999755859375,0.028332717725493096
2006-12-17,615.0,0.028357541627488842
2006-12-24,619.0999755859375,0.027879119994902706
2006-12-31,635.2000122070312,0.027120100729508108
2007-01-07,604.9000244140625,0.026928573667799813
2007-01-14,625.5,0.02847683193195519
2007-01-21,635.5,0.02859142162221371
2007-01-28,644.5,0.027967307678060275
2007-02-04,646.2000122070312,0.027328945592760664
2007-02-11,667.5,0.026568308264767818
2007-02-18,668.7999877929688,0.02676602335966502
2007-02-25,683.0999755859375,0.026028510407173758
2007-03-04,641.5,0.025713116493499163
2007-03-11,650.0,0.028827793654412077
2007-03-18,652.5999755859375,0.028128272052289616
2007-03-25,656.7000122070312,0.02733830539365027
2007-04-01,663.0,0.02659944546307537
2007-04-08,674.2000122070312,0.025935982081294454
2007-04-15,685.4000244140625,0.025472992238660595
2007-04-22,692.0,0.025026280337565782
2007-04-29,678.7000122070312,0.02443732750329791
2007-05-06,687.2000122070312,0.024244627059285213
2007-05-13,670.5999755859375,0.023752484914357313
2007-05-20,661.0,0.02384914294049779
2007-05-27,655.0999755859375,0.0235023327579712
2007-06-03,671.2000122070312,0.023023050975163106
2007-06-10,645.5,0.023039046991830008
2007-06-17,654.5,0.024203276522711325
2007-06-24,653.5,0.023748485949435544
2007-07-01,648.0999755859375,0.023153485695250848
2007-07-08,652.7000122070312,0.02267750525104984
2007-07-15,665.7999877929688,0.022163090373839473
2007-07-22,683.9000244140625,0.02203320588997246
2007-07-29,660.0,0.022260244040870906
2007-08-05,672.5,0.02322999766425098
2007-08-12,670.2999877929688,0.02298884669446419
2007-08-19,656.9000244140625,0.022443230095990505
2007-08-26,668.0,0.022417032099232997
2007-09-02,673.0,0.022150785950421255
2007-09-09,700.7999877929688,0.02166747063672681
2007-09-16,709.5999755859375,0.022912113671401318
2007-09-23,731.4000244140625,0.022489679825926333
2007-09-30,742.7999877929688,0.022886970762405638
2007-10-07,741.2999877929688,0.022550632439359394
2007-10-14,748.7000122070312,0.022014967222908015
2007-10-21,764.0,0.021581414226290105
2007-10-28,783.9000244140625,0.02150523799845405
2007-11-04,805.7000122070312,0.021710911780874732
2007-11-11,832.5,0.021999626231000685
2007-11-18,785.7000122070312,0.02260528780899479
2007-11-25,824.0,0.02570596225179024
2007-12-02,782.2000122070312,0.027080631682175713
2007-12-09,794.4000244140625,0.028896574040949474
2007-12-16,793.2999877929688,0.028247606202910055
2007-12-23,811.5999755859375,0.027451447125545498
2007-12-30,839.5999755859375,0.027117463448633056
2008-01-06,863.0999755859375,0.027360401465177188
2008-01-13,896.0999755859375,0.027244015292375738
2008-01-20,880.7999877929688,0.027702485101230738
2008-01-27,910.5,0.027236884418273426
2008-02-03,908.7000122070312,0.02742602746524626
2008-02-10,918.4000244140625,0.026668692859291195
2008-02-17,902.7999877929688,0.026020304023441496
2008-02-24,944.7000122070312,0.025644645381461374
2008-03-02,972.0999755859375,0.026839143055462304
2008-03-09,972.2000122070312,0.02680704948845832
2008-03-16,998.2000122070312,0.026068353294853307
2008-03-23,919.5999755859375,0.025979116049573227
2008-03-30,930.5999755859375,0.03138534649649021
2008-04-06,909.0,0.030544396434024144
2008-04-13,923.5999755859375,0.030154120725433557
2008-04-20,912.2000122070312,0.02945579008430136
2008-04-27,887.2000122070312,0.028763648169752253
2008-05-04,856.0999755859375,0.028681209639038474
2008-05-11,884.5,0.029055201422126448
2008-05-18,899.0,0.029080823321510855
2008-05-25,925.5999755859375,0.028443110837738216
2008-06-01,887.2999877929688,0.028330973512698497
2008-06-08,895.4000244140625,0.02918986205664534
2008-06-15,870.2999877929688,0.028402242046230063
2008-06-22,901.2999877929688,0.028377574031517406
2008-06-29,929.2999877929688,0.028587027621434672
2008-07-06,931.9000244140625,0.02853750821374232
2008-07-13,959.5,0.027725148278657397
2008-07-20,957.2999877929688,0.02766264466469187
2008-07-27,926.5999755859375,0.026896948473398106
2008-08-03,909.0,0.027222760171870666
2008-08-10,857.7999877929688,0.026854023869111173
2008-08-17,786.0,0.02927267158610182
2008-08-24,827.4000244140625,0.034650234082853885
2008-08-31,829.2999877929688,0.03540320297396214
2008-09-07,797.5999755859375,0.034305060283204396
2008-09-14,760.2999877929688,0.034442359457936465
2008-09-21,860.5999755859375,0.03514054802231299
2008-09-28,882.9000244140625,0.043731885440404614
2008-10-05,828.9000244140625,0.04265430258319836
2008-10-12,855.4000244140625,0.04370201729060454
2008-10-19,785.0999755859375,0.04281412490304822
2008-10-26,729.0999755859375,0.045758360589318696
2008-11-02,716.7999877929688,0.04733923620553868
2008-11-09,733.2000122070312,0.0459536275054394
2008-11-16,742.4000244140625,0.04469785228116009
2008-11-23,791.7000122070312,0.04330641570680665
2008-11-30,816.2000122070312,0.04420710313711861
2008-12-07,750.5,0.04325947589728939
2008-12-14,818.9000244140625,0.04597453629382048
2008-12-21,836.4000244140625,0.04844292821659191
2008-12-28,870.4000244140625,0.04704626648798479
2009-01-04,878.7999877929688,0.046304642591842755
2009-01-11,854.2999877929688,0.04481737758084931
2009-01-18,839.2999877929688,0.04384596441639988
2009-01-25,895.2999877929688,0.04262431457397616
2009-02-01,927.2999877929688,0.04360776983647663
2009-02-08,913.9000244140625,0.04286148789766975
2009-02-15,941.5,0.041617083788889786
2009-02-22,1001.7999877929688,0.04077483416723115
2009-03-01,941.5,0.04174449322244975
2009-03-08,942.0999755859375,0.042800383320132585
2009-03-15,929.7999877929688,0.04140921322565345
2009-03-22,955.7999877929688,0.040200124924548816
2009-03-29,923.0,0.03935494836700781
2009-04-05,895.5999755859375,0.03894490470659501
2009-04-12,882.2000122070312,0.038349935580197225
2009-04-19,867.4000244140625,0.03731098598277098
2009-04-26,913.5999755859375,0.03636182268315753
2009-05-03,887.5999755859375,0.037003209074083575
2009-05-10,914.4000244140625,0.03646516955626758
2009-05-17,930.9000244140625,0.03589566084220136
2009-05-24,958.5,0.03497638795482932
2009-05-31,978.7999877929688,0.03446878644275635
2009-06-07,961.7000122070312,0.0336984668784002
2009-06-14,940.0999755859375,0.03293853892506104
2009-06-21,935.5999755859375,0.0323842054399703
2009-06-28,940.7000122070312,0.03143678676567342
2009-07-05,930.7000122070312,0.03051469495625657
2009-07-12,912.2000122070312,0.029735326519461105
2009-07-19,937.2000122070312,0.029259056036172928
2009-07-26,952.7999877929688,0.028995140082488848
2009-08-02,953.7000122070312,0.02836828379490125
2009-08-09,957.2999877929688,0.027560930139078826
2009-08-16,947.0,0.026794457685822618
2009-08-23,953.2000122070312,0.026193298456109636
2009-08-30,957.0,0.025508235698868953
2009-09-06,994.9000244140625,0.024833479647676442
2009-09-13,1004.9000244140625,0.025604014242662836
2009-09-20,1009.2000122070312,0.0249948427690628
2009-09-27,990.2000122070312,0.02434495339106367
2009-10-04,1003.2000122070312,0.024141139684798023
2009-10-11,1047.800048828125,0.02366883295501365
2009-10-18,1050.699951171875,0.024933079528491584
2009-10-25,1055.5999755859375,0.024278795727906692
2009-11-01,1039.699951171875,0.023664171035026264
2009-11-08,1095.0999755859375,0.02335379588146244
2009-11-15,1116.0999755859375,0.0254365700582278
2009-11-22,1146.4000244140625,0.025075005859607518
2009-11-29,1174.199951171875,0.025073362294400676
2009-12-06,1168.800048828125,0.02493523469647012
2009-12-13,1119.4000244140625,0.0243130193231602
2009-12-20,1110.800048828125,0.0256792023328271
2009-12-27,1104.0999755859375,0.02506833600620492
2010-01-03,1095.199951171875,0.02445919160538079
2010-01-10,1138.199951171875,0.023914166803027465
2010-01-17,1130.0999755859375,0.0247520634122411
2010-01-24,1089.199951171875,0.024175416372780117
2010-01-31,1083.0,0.025043146150892297
2010-02-07,1052.199951171875,0.02443023889842286
2010-02-14,1089.5,0.024726476761024768
2010-02-21,1121.300048828125,0.025226343637336487
2010-02-28,1118.300048828125,0.025318464971399675
2010-03-07,1134.800048828125,0.024659622533217324
2010-03-14,1101.5,0.024202686438897822
2010-03-21,1107.4000244140625,0.02457541437814373
2010-03-28,1104.199951171875,0.023952662900686372
2010-04-04,1125.0999755859375,0.023358205688975384
2010-04-11,1161.0999755859375,0.023108899771373904
2010-04-18,1136.300048828125,0.023531678237533608
2010-04-25,1153.0999755859375,0.023497695628518087
2010-05-02,1180.0999755859375,0.02310362953632525
2010-05-09,1210.0,0.02305863727797341
2010-05-16,1227.4000244140625,0.023109789450262725
2010-05-23,1175.699951171875,0.022725236019710483
2010-05-30,1212.199951171875,0.024275604531801415
2010-06-06,1216.199951171875,0.024543734762891983
2010-06-13,1228.9000244140625,0.023909079191968472
2010-06-20,1257.199951171875,0.023389153454886676
2010-06-27,1255.800048828125,0.02330714751303973
2010-07-04,1207.4000244140625,0.022730329452847187
2010-07-11,1209.5999755859375,0.02395235505466772
2010-07-18,1188.0,0.023340408149843044
2010-07-25,1187.699951171875,0.023158239929489857
2010-08-01,1181.699951171875,0.022584771235224437
2010-08-08,1203.4000244140625,0.022080172931825254
2010-08-15,1214.9000244140625,0.021887524632070773
2010-08-22,1227.199951171875,0.021452152347931658
2010-08-29,1236.0,0.021050704103603525
2010-09-05,1249.199951171875,0.02061784621966365
2010-09-12,1244.5,0.020273048357778167
2010-09-19,1275.5999755859375,0.019866490601404795
2010-09-26,1296.0,0.020145593298318186
2010-10-03,1316.0999755859375,0.01998527381652795
2010-10-10,1344.199951171875,0.01981771854757245
2010-10-17,1371.0999755859375,0.01990792612628619
2010-10-24,1324.4000244140625,0.019928113025223376
2010-10-31,1357.0999755859375,0.02109047904416663
2010-11-07,1397.300048828125,0.02125509715771214
2010-11-14,1365.4000244140625,0.021692128473601125
2010-11-21,1352.199951171875,0.021870586911850395
2010-11-28,1362.300048828125,0.02149425695797239
2010-12-05,1405.4000244140625,0.021043388437862205
2010-12-12,1384.300048828125,0.02163069304020618
2010-12-19,1378.5999755859375,0.021439905336615887
2010-12-26,1380.0,0.020979077426961097
2011-01-02,1421.0999755859375,0.020506806481655347
2011-01-09,1368.5,0.02102205731039031
2011-01-16,1360.4000244140625,0.02231391733803846
2011-01-23,1341.0,0.02183596871740837
2011-01-30,1340.699951171875,0.021604363076579945
2011-02-06,1348.300048828125,0.021104229575456664
2011-02-13,1359.9000244140625,0.020649878461319073
2011-02-20,1388.199951171875,0.020260776734020974
2011-02-27,1408.699951171875,0.020292773378748897
2011-03-06,1428.199951171875,0.020081052188551243
2011-03-13,1421.5,0.019852310542842713
2011-03-20,1415.9000244140625,0.019480387278824347
2011-03-27,1426.0999755859375,0.019117151100816004
2011-04-03,1428.0999755859375,0.018785457962731532
2011-04-10,1473.4000244140625,0.0184232618313854
2011-04-17,1485.300048828125,0.019286515069946542
2011-04-24,1503.199951171875,0.01896040820083459
2011-05-01,1556.0,0.01874479203463128
2011-05-08,1491.199951171875,0.01983728029650875
2011-05-15,1493.4000244140625,0.021744362057255186
2011-05-22,1508.800048828125,0.0212352229144915
2011-05-29,1536.300048828125,0.020849171117177507
2011-06-05,1541.699951171875,0.020729077925221436
2011-06-12,1528.5999755859375,0.020275565179604188
2011-06-19,1538.5999755859375,0.01995677594737409
2011-06-26,1500.5,0.019571134566414725
2011-07-03,1482.300048828125,0.020048559448956945
2011-07-10,1541.199951171875,0.01984956092260606
2011-07-17,1589.800048828125,0.02118872473418005
2011-07-24,1601.300048828125,0.021755317536088337
2011-07-31,1628.300048828125,0.021288024853746913
2011-08-07,1648.800048828125,0.02108833708385387
2011-08-14,1740.199951171875,0.02076538267341448
2011-08-21,1848.9000244140625,0.023481334776930502
2011-08-28,1794.0999755859375,0.026463978319563135
2011-09-04,1873.699951171875,0.026672768407889673
2011-09-11,1856.4000244140625,0.027602807010638594
2011-09-18,1812.0999755859375,0.026930367380340155
2011-09-25,1637.5,0.026791595151426376
2011-10-02,1620.4000244140625,0.034700492426467826
2011-10-09,1634.5,0.03373138060060211
2011-10-16,1681.800048828125,0.03274273296736108
2011-10-23,1635.0999755859375,0.03233467588134711
2011-10-30,1746.199951171875,0.03204035290812002
2011-11-06,1755.300048828125,0.03426558232872416
2011-11-13,1787.5,0.03322464432958197
2011-11-20,1724.699951171875,0.03243709408754768
2011-11-27,1685.5,0.0325263901628502
2011-12-04,1747.0,0.03200479934794881
2011-12-11,1712.800048828125,0.03199609156712923
2011-12-18,1595.5999755859375,0.031388209718750316
2011-12-25,1604.699951171875,0.03445489598678971
2012-01-01,1565.800048828125,0.033409314033305645
2012-01-08,1616.0999755859375,0.03289845736526408
2012-01-15,1630.4000244140625,0.03261842781443193
2012-01-22,1663.699951171875,0.03167852844382319
2012-01-29,1731.800048828125,0.03102458628317907
2012-02-05,1737.9000244140625,0.03133748365566986
2012-02-12,1723.300048828125,0.030409215968640844
2012-02-19,1724.5,0.029593790833524095
2012-02-26,1775.0999755859375,0.028734426400503266
2012-03-04,1708.800048828125,0.02859136583558081
2012-03-11,1710.9000244140625,0.02912881571846852
2012-03-18,1655.5,0.028288945430602584
2012-03-25,1662.300048828125,0.028523738392295953
2012-04-01,1669.300048828125,0.027717264477512063
2012-04-08,1628.5,0.02694624485633736
2012-04-15,1659.0999755859375,0.026834751749297177
2012-04-22,1642.0999755859375,0.026382758534852304
2012-04-29,1664.0,0.02578994816333682
2012-05-06,1644.699951171875,0.025239135556621602
2012-05-13,1583.5999755859375,0.02473639302879997
2012-05-20,1591.5999755859375,0.025622419764223844
2012-05-27,1568.800048828125,0.02494958605880175
2012-06-03,1620.5,0.024542013401430578
2012-06-10,1590.0999755859375,0.024901714794624618
2012-06-17,1627.0,0.024660759198985104
2012-06-24,1566.0,0.02450338058484798
2012-07-01,1603.5,0.025440828755607988
2012-07-08,1578.4000244140625,0.0252657263306123
2012-07-15,1591.5999755859375,0.02488513781959076
2012-07-22,1582.5,0.024282884396077915
2012-07-29,1617.9000244140625,0.023706170796326226
2012-08-05,1606.0,0.02357408463082619
2012-08-12,1619.699951171875,0.023059011011261833
2012-08-19,1616.300048828125,0.02254693488052341
2012-08-26,1669.800048828125,0.022012036401116798
2012-09-02,1684.5999755859375,0.022605570279436348
2012-09-09,1737.5,0.02212139046226276
2012-09-16,1769.800048828125,0.022593698985875012
2012-09-23,1775.5,0.022378049930420897
2012-09-30,1771.0999755859375,0.021843400683793493
2012-10-07,1778.5999755859375,0.0213452949100587
2012-10-14,1758.0,0.02086622257564736
2012-10-21,1722.800048828125,0.02060066981923339
2012-10-28,1710.9000244140625,0.020708498244353845
2012-11-04,1674.0999755859375,0.020330811036373856
2012-11-11,1730.300048828125,0.020541115662205286
2012-11-18,1714.300048828125,0.02131301563223737
2012-11-25,1751.300048828125,0.02095611839673716
2012-12-02,1710.9000244140625,0.020974839447153854
2012-12-09,1704.0,0.02122405079166057
2012-12-16,1695.800048828125,0.020772896115449274
2012-12-23,1659.0999755859375,0.020355220325405453
2012-12-30,1654.9000244140625,0.020571160670036785
2013-01-06,1648.0999755859375,0.020136111156695738
2013-01-13,1660.0,0.019741093484509083
2013-01-20,1686.5999755859375,0.019376502148691393
2013-01-27,1656.4000244140625,0.019266335934218688
2013-02-03,1669.4000244140625,0.019364551909763418
2013-02-10,1666.0,0.01903022274735256
2013-02-17,1608.800048828125,0.018669362250247998
2013-02-24,1572.4000244140625,0.02001621741922402
2013-03-03,1571.9000244140625,0.020317928587488644
2013-03-10,1576.5999755859375,0.019880969441316274
2013-03-17,1592.5,0.01946700247176622
2013-03-24,1606.199951171875,0.019171904708357224
2013-03-31,1594.800048828125,0.018861846531724902
2013-04-07,1575.4000244140625,0.018588962548511733
2013-04-14,1501.0,0.018482734861106093
2013-04-21,1395.300048828125,0.021255484053384066
2013-04-28,1453.5999755859375,0.026585377315809965
2013-05-05,1464.300048828125,0.027339256516306393
2013-05-12,1436.800048828125,0.026611628713759005
2013-05-19,1364.9000244140625,0.026269822274501146
2013-05-26,1386.800048828125,0.028124094539393147
2013-06-02,1392.5999755859375,0.02752467142949362
2013-06-09,1383.0,0.026761879724500014
2013-06-16,1387.300048828125,0.0260871852993493
2013-06-23,1291.5999755859375,0.025382548464458837
2013-06-30,1223.800048828125,0.029570670711416946
2013-07-07,1212.9000244140625,0.03124530534799131
2013-07-14,1277.800048828125,0.030401179202465746
2013-07-21,1293.300048828125,0.031628634923471274
2013-07-28,1321.699951171875,0.03077978811826477
2013-08-04,1310.5999755859375,0.030220822322648208
2013-08-11,1312.9000244140625,0.029413743873989918
2013-08-18,1371.699951171875,0.028562052777699364
2013-08-25,1395.699951171875,0.029336889184768167
2013-09-01,1396.0999755859375,0.028716079464513745
2013-09-08,1386.699951171875,0.027894532582649605
2013-09-15,1308.4000244140625,0.027165751796146453
2013-09-22,1332.5,0.02955372544448504
2013-09-29,1338.4000244140625,0.02894810072761197
2013-10-06,1309.699951171875,0.02812513844145224
2013-10-13,1268.0,0.027802649540604005
2013-10-20,1314.4000244140625,0.028041875442210523
2013-10-27,1352.4000244140625,0.02833416353120099
2013-11-03,1313.0999755859375,0.028197025687789142
2013-11-10,1284.5,0.028243136906732812
2013-11-17,1287.300048828125,0.027927870767553074
2013-11-24,1244.0,0.027140271562552786
2013-12-01,1250.5999755859375,0.027548339950436897
2013-12-08,1230.300048828125,0.026791892047113453
2013-12-15,1235.699951171875,0.02634700230583458
2013-12-22,1205.0999755859375,0.02563720749425265
2013-12-29,1216.0999755859375,0.025631178721599326
2014-01-05,1238.4000244140625,0.025005460603883756
2014-01-12,1246.699951171875,0.02463945597104026
2014-01-19,1251.699951171875,0.02402716712035545
2014-01-26,1264.5,0.02341978825003251
2014-02-02,1240.0999755859375,0.022919947012415447
2014-02-09,1263.300048828125,0.022828531571670047
2014-02-16,1319.0,0.02260302078252768
2014-02-23,1323.9000244140625,0.023964948795683325
2014-03-02,1321.4000244140625,0.023358757691816227
2014-03-09,1338.0999755859375,0.02278413759308995
2014-03-16,1379.0,0.022370476722685842
2014-03-23,1336.0,0.0227684553609768
2014-03-30,1293.800048828125,0.023395642912854196
2014-04-06,1303.199951171875,0.023992962633096176
2014-04-13,1318.699951171875,0.023417742591309697
2014-04-20,1293.4000244140625,0.022953244265966403
2014-04-27,1300.699951171875,0.022854528767716053
2014-05-04,1302.5999755859375,0.02231487003252954
2014-05-11,1287.300048828125,0.021778618547673753
2014-05-18,1293.300048828125,0.021465850489937044
2014-05-25,1291.5999755859375,0.020984185622552536
2014-06-01,1245.5999755859375,0.020519318468335445
2014-06-08,1252.0999755859375,0.021747369425766345
2014-06-15,1273.699951171875,0.021256890811827165
2014-06-22,1316.199951171875,0.021073402995746077
2014-06-29,1319.0,0.02177658425069257
2014-07-06,1320.4000244140625,0.021266826768081646
2014-07-13,1337.0,0.02078057692482123
2014-07-20,1309.199951171875,0.020474348159471977
2014-07-27,1303.0999755859375,0.020633273459091137
2014-08-03,1293.5999755859375,0.02022047897770389
2014-08-10,1308.9000244140625,0.019876845243949913
2014-08-17,1304.5,0.0196017301390475
2014-08-24,1278.5999755859375,0.019224822566014838
2014-08-31,1285.800048828125,0.019429951801555406
2014-09-07,1265.800048828125,0.01906025391042961
2014-09-14,1229.9000244140625,0.01906096988959266
2014-09-21,1215.300048828125,0.019849753917791736
2014-09-28,1214.0999755859375,0.0196540614785446
2014-10-05,1192.199951171875,0.019253601294793546
2014-10-12,1221.0,0.01935949545017634
2014-10-19,1238.300048828125,0.01963353958718982
2014-10-26,1231.199951171875,0.019442127567084393
2014-11-02,1171.0999755859375,0.019109439874475127
2014-11-09,1169.5999755859375,0.021957031874358945
2014-11-16,1185.0,0.021444824287029696
2014-11-23,1197.5,0.021117799100688516
2014-11-30,1175.199951171875,0.020743146661870354
2014-12-07,1190.0999755859375,0.02076926039878795
2014-12-14,1222.0,0.020466591429370507
2014-12-21,1195.9000244140625,0.020800528601215444
2014-12-28,1195.300048828125,0.02096546782351835
2015-01-04,1186.0,0.02049734031343345
2015-01-11,1216.0,0.020149554369264085
2015-01-18,1276.9000244140625,0.02042257120933476
2015-01-25,1292.5999755859375,0.022643292646959346
2015-02-01,1278.5,0.022228579620192996
2015-02-08,1233.9000244140625,0.021866179201502748
2015-02-15,1226.5,0.022874155651043553
2015-02-22,1204.4000244140625,0.02236978658395228
2015-03-01,1212.5999755859375,0.022256791553083726
2015-03-08,1164.0999755859375,0.021759106657897626
2015-03-15,1152.5999755859375,0.023233284150853906
2015-03-22,1184.800048828125,0.022790176762565922
2015-03-29,1199.800048828125,0.022999356238224786
2015-04-05,1200.9000244140625,0.022574895914148203
2015-04-12,1204.5999755859375,0.022026413856588007
2015-04-19,1202.9000244140625,0.021507846791788222
2015-04-26,1175.199951171875,0.02101805593178616
2015-05-03,1174.5,0.021261359255880595
2015-05-10,1189.0999755859375,0.020779219587575243
2015-05-17,1225.5,0.020469245451146364
2015-05-24,1204.300048828125,0.021042637634702228
2015-05-31,1189.4000244140625,0.020985620819106217
2015-06-07,1167.800048828125,0.02073870047435521
2015-06-14,1178.800048828125,0.020742738660428413
2015-06-21,1201.5,0.020364231987197917
2015-06-28,1172.9000244140625,0.020319120557314805
2015-07-05,1163.0,0.020667756220595346
2015-07-12,1157.699951171875,0.020326079801178315
2015-07-19,1131.800048828125,0.019927563420007347
2015-07-26,1085.5999755859375,0.0202213664411743
2015-08-02,1094.9000244140625,0.021986301275478026
2015-08-09,1094.0999755859375,0.02152806596106699
2015-08-16,1112.9000244140625,0.021033622377899755
2015-08-23,1159.5999755859375,0.020861500913359723
2015-08-30,1133.0999755859375,0.022261622686202354
2015-09-06,1120.5999755859375,0.022397682382418564
2015-09-13,1103.5,0.02202952064233833
2015-09-20,1138.0999755859375,0.021823674797341375
2015-09-27,1146.0,0.02231978777980355
2015-10-04,1137.0999755859375,0.021820740924379706
2015-10-11,1156.300048828125,0.0214025477450327
2015-10-18,1183.5999755859375,0.021196713083065463
2015-10-25,1163.300048828125,0.021297069022233783
2015-11-01,1141.5,0.021216359346906494
2015-11-08,1087.5999755859375,0.021214767593198743
2015-11-15,1080.800048828125,0.023507613888714023
2015-11-22,1076.4000244140625,0.02297643936158449
2015-11-29,1056.199951171875,0.02244013212338558
2015-12-06,1084.5,0.02235622564062264
2015-12-13,1076.9000244140625,0.02253626350866391
2015-12-20,1066.199951171875,0.022066366590126806
2015-12-27,1077.199951171875,0.021686434877389558
2016-01-03,1060.300048828125,0.02127678092198335
2016-01-10,1097.800048828125,0.02113507871328152
2016-01-17,1091.5,0.021975932021889237
2016-01-24,1097.199951171875,0.021511906009971816
2016-01-31,1116.4000244140625,0.02103295119427108
2016-02-07,1157.800048828125,0.02087277676527576
2016-02-14,1239.0999755859375,0.021872124790234846
2016-02-21,1230.4000244140625,0.02604440688935424
2016-02-28,1219.800048828125,0.025405027243047128
2016-03-06,1269.9000244140625,0.024824967778542224
2016-03-13,1258.699951171875,0.025701907804052328
2016-03-20,1253.800048828125,0.02511161813481199
2016-03-27,1221.4000244140625,0.024473352225776
2016-04-03,1222.199951171875,0.024610804504374785
2016-04-10,1242.5,0.023968825213539866
2016-04-17,1233.0999755859375,0.02360413970717856
2016-04-24,1228.699951171875,0.023091566375132853
2016-05-01,1289.199951171875,0.022544130086046815
2016-05-08,1292.9000244140625,0.024365702717240284
2016-05-15,1271.9000244140625,0.023737447573549852
2016-05-22,1252.4000244140625,0.023466236965649565
2016-05-29,1213.800048828125,0.02317705272755167
2016-06-05,1240.0999755859375,0.02374015053482454
2016-06-12,1273.4000244140625,0.023575888704127485
2016-06-19,1292.5,0.023666882634168586
2016-06-26,1320.0,0.02326982823287633
2016-07-03,1336.699951171875,0.023119164392460558
2016-07-10,1356.5999755859375,0.022688189646425695
2016-07-17,1326.5,0.02234161914741281
2016-07-24,1323.0999755859375,0.022435316981469153
2016-07-31,1349.0,0.021909476294300886
2016-08-07,1336.4000244140625,0.021775524866199072
2016-08-14,1335.800048828125,0.021396022445922282
2016-08-21,1340.4000244140625,0.020906754755253446
2016-08-28,1321.5,0.02044410608709381
2016-09-04,1322.0999755859375,0.020292227927035267
2016-09-11,1330.0999755859375,0.01985435057381068
2016-09-18,1305.800048828125,0.019467658334397547
2016-09-25,1337.199951171875,0.019569288124140986
2016-10-02,1313.300048828125,0.019819840809653426
2016-10-09,1248.9000244140625,0.019875598453079873
2016-10-16,1253.0999755859375,0.02260725982825101
2016-10-23,1265.9000244140625,0.022062456119740607
2016-10-30,1275.5,0.02163116566902241
2016-11-06,1303.300048828125,0.021175124259860317
2016-11-13,1265.5,0.02118831929468637
2016-11-20,1208.5,0.021809081431674267
2016-11-27,1178.199951171875,0.023776739222002553
2016-12-04,1175.0999755859375,0.023922946134031477
2016-12-11,1159.4000244140625,0.023327667795337726
2016-12-18,1135.300048828125,0.0229786342051377
2016-12-25,1131.9000244140625,0.022954466405634526
2017-01-01,1150.0,0.022407800031544096
2017-01-08,1171.9000244140625,0.022111636631988348
2017-01-15,1195.300048828125,0.021943420764565492
2017-01-22,1204.300048828125,0.021823491879302177
2017-01-29,1188.0999755859375,0.021357047943050374
2017-02-05,1218.5,0.021125113801657037
2017-02-12,1234.4000244140625,0.021335547318961635
2017-02-19,1237.5999755859375,0.0210113415910846
2017-02-26,1256.9000244140625,0.0205398170099866
2017-03-05,1225.5,0.02034107194881756
2017-03-12,1200.699951171875,0.02076327851986829
2017-03-19,1229.800048828125,0.020870232355844464
2017-03-26,1248.199951171875,0.021027754492580486
2017-04-02,1247.300048828125,0.02077857022068335
2017-04-09,1254.300048828125,0.020320574431780015
2017-04-16,1285.9000244140625,0.01990491530054114
2017-04-23,1287.4000244140625,0.020192421143137667
2017-04-30,1266.0999755859375,0.019758802880587928
2017-05-07,1224.800048828125,0.01975564790199991
2017-05-14,1226.199951171875,0.020813780216006283
2017-05-21,1252.699951171875,0.020349537456383317
2017-05-28,1267.5999755859375,0.02041325891440848
2017-06-04,1276.800048828125,0.020109569608629068
2017-06-11,1268.5,0.01972627051144135
2017-06-18,1254.0,0.019392928719126904
2017-06-25,1256.199951171875,0.019210332368413987
2017-07-02,1240.699951171875,0.018826619283926503
2017-07-09,1208.5999755859375,0.018711459746812743
2017-07-16,1226.5999755859375,0.019349343372607176
2017-07-23,1254.300048828125,0.01919997079711759
2017-07-30,1268.4000244140625,0.01940069176429088
2017-08-06,1258.300048828125,0.019137441963599733
2017-08-13,1287.699951171875,0.01886931713527647
2017-08-20,1285.699951171875,0.019139648898374922
2017-08-27,1292.5,0.018769231282921017
2017-09-03,1324.5,0.01843038652861671
2017-09-10,1346.0,0.01881951131416425
2017-09-17,1320.4000244140625,0.018753986870708506
2017-09-24,1293.300048828125,0.01895050120590467
2017-10-01,1281.5,0.01921615573847147
2017-10-08,1271.5999755859375,0.01897375805444799
2017-10-15,1301.5,0.018709174106883195
2017-10-22,1277.4000244140625,0.019001310718367984
2017-10-29,1268.5,0.019151337239609705
2017-11-05,1266.5,0.018859330013350564
2017-11-12,1272.4000244140625,0.018503661372535493
2017-11-19,1295.800048828125,0.01817246360767847
2017-11-26,1286.699951171875,0.018243924399150114
2017-12-03,1278.800048828125,0.018004616472982425
2017-12-10,1245.199951171875,0.017759686052045486
2017-12-17,1254.300048828125,0.018527246367478878
2017-12-24,1275.4000244140625,0.01822926506928736
2017-12-31,1306.300048828125,0.01822795681936373
2018-01-07,1320.300048828125,0.01860329550516366
2018-01-14,1333.4000244140625,0.018372754499686866
2018-01-21,1331.9000244140625,0.01813607911076321
2018-01-28,1351.5999755859375,0.017815416852888954
2018-02-04,1333.699951171875,0.01776206500138967
2018-02-11,1313.0999755859375,0.017753543118922455
2018-02-18,1353.199951171875,0.017843829585774656
2018-02-25,1328.199951171875,0.0186829305086894
2018-03-04,1321.0999755859375,0.018855535717548954
2018-03-11,1322.4000244140625,0.018547695329801103
2018-03-18,1311.300048828125,0.018197874782079033
2018-03-25,1349.300048828125,0.01799556211960294
2018-04-01,1322.800048828125,0.01870426056254321
2018-04-08,1331.9000244140625,0.018939379608791898
2018-04-15,1344.800048828125,0.018612222730885076
2018-04-22,1336.699951171875,0.018356271811621975
2018-04-29,1320.300048828125,0.01808897684221131
2018-05-06,1312.699951171875,0.01801946857717647
2018-05-13,1319.0,0.017765916260457558
2018-05-20,1290.199951171875,0.01747586769777765
2018-05-27,1303.300048828125,0.017953759982649923
2018-06-03,1294.800048828125,0.01774726298332921
2018-06-10,1298.0999755859375,0.017525437484882857
2018-06-17,1274.5999755859375,0.017232540087677852
2018-06-24,1267.4000244140625,0.01750280866317263
2018-07-01,1251.300048828125,0.017276767896194766
2018-07-08,1254.300048828125,0.017279921823308796
2018-07-15,1239.5999755859375,0.016999855246097685
2018-07-22,1229.5,0.016983144501885164
2018-07-29,1222.5999755859375,0.016848297488711483
2018-08-05,1214.199951171875,0.01665996613029569
2018-08-12,1211.0999755859375,0.016511533232028138
2018-08-19,1176.5,0.01629365500833463
2018-08-26,1206.300048828125,0.017426324378905834
2018-09-02,1200.300048828125,0.017944557455108687
2018-09-09,1193.5999755859375,0.017680645029339137
2018-09-16,1195.0,0.017443024141702294
2018-09-23,1196.199951171875,0.017151961592768345
2018-09-30,1191.5,0.016876855542935235
2018-10-07,1201.199951171875,0.016656499651189927
2018-10-14,1218.0999755859375,0.01648143121387827
2018-10-21,1225.300048828125,0.01649281993003467
2018-10-28,1232.5,0.016288248748280585
2018-11-04,1230.9000244140625,0.016095183298821553
2018-11-11,1206.4000244140625,0.01588918684155173
2018-11-18,1220.800048828125,0.01639252732604115
2018-11-25,1221.0,0.01633486070072286
2018-12-02,1220.199951171875,0.01610701530143126
2018-12-09,1246.800048828125,0.015895931436941544
2018-12-16,1237.0,0.01633917449793771
2018-12-23,1253.800048828125,0.016237095411483517
2018-12-30,1279.9000244140625,0.016247339249417767
2019-01-06,1282.699951171875,0.016599941011758126
2019-01-13,1287.0999755859375,0.01635694473738827
2019-01-20,1281.300048828125,0.016133873280809827
2019-01-27,1297.4000244140625,0.01596704066976792
2019-02-03,1316.9000244140625,0.015959527674709865
2019-02-10,1313.699951171875,0.01604753710725647
2019-02-17,1318.0999755859375,0.015855266614886745
2019-02-24,1329.199951171875,0.01566068339021591
2019-03-03,1296.4000244140625,0.015553382014570629
2019-03-10,1297.0,0.016446416706261666
2019-03-17,1301.800048828125,0.016211418473231817
2019-03-24,1311.5999755859375,0.01599869592186589
2019-03-31,1293.0,0.015851215388721293
2019-04-07,1290.4000244140625,0.016027710892290273
2019-04-14,1290.5999755859375,0.01583207039643476
2019-04-21,1271.9000244140625,0.01563321756984661
2019-04-28,1284.9000244140625,0.01584279182453279
2019-05-05,1279.199951171875,0.015769692011737182
2019-05-12,1285.699951171875,0.015623774614045946
2019-05-19,1274.5,0.015459612233188334
2019-05-26,1283.0,0.015441881957165197
2019-06-02,1305.800048828125,0.015312766743365572
2019-06-09,1341.199951171875,0.015581363633057005
2019-06-16,1340.0999755859375,0.01642134310988869
2019-06-23,1396.199951171875,0.016193218484691296
2019-06-30,1409.699951171875,0.018285052613541318
2019-07-07,1396.699951171875,0.018047540011935176
2019-07-14,1409.9000244140625,0.017877703989613126
2019-07-21,1425.0999755859375,0.017658874172340647
2019-07-28,1418.5,0.01748633729384681
2019-08-04,1445.5999755859375,0.01724242725294456
2019-08-11,1496.5999755859375,0.017419266919468945
2019-08-18,1512.5,0.01869331420316685
2019-08-25,1526.5999755859375,0.018455169963062498
2019-09-01,1519.0999755859375,0.01820005915601547
2019-09-08,1506.199951171875,0.017920799669814053
2019-09-15,1490.9000244140625,0.017737811803763562
2019-09-22,1507.300048828125,0.017616445806617923
2019-09-29,1499.0999755859375,0.017452482475865564
2019-10-06,1506.199951171875,0.017225248190044184
2019-10-13,1482.699951171875,0.01696441289454419
2019-10-20,1488.199951171875,0.017122897262218533
2019-10-27,1499.5,0.016858642670150793
2019-11-03,1508.0,0.016660630791925334
2019-11-10,1461.300048828125,0.01644293991277911
2019-11-17,1467.300048828125,0.017776090717665543
2019-11-24,1463.0999755859375,0.017479079321474016
2019-12-01,1465.5999755859375,0.017210063124223657
2019-12-08,1459.0999755859375,0.016932096661993103
2019-12-15,1475.5999755859375,0.016716741211066897
2019-12-22,1474.699951171875,0.016618262016845176
2019-12-29,1513.800048828125,0.01637773168165711
2020-01-05,1549.199951171875,0.017083962014592287
2020-01-12,1557.5,0.01751227426361809
2020-01-19,1558.800048828125,0.017242392670123532
2020-01-26,1571.0999755859375,0.016962465259635
2020-02-02,1582.9000244140625,0.016764073848264116
2020-02-09,1568.5999755859375,0.016570097696225174
2020-02-16,1582.699951171875,0.016488055890422144
2020-02-23,1644.5999755859375,0.01634204011651674
2020-03-01,1564.0999755859375,0.01812914214644811
2020-03-08,1670.800048828125,0.021186978705155762
2020-03-15,1515.699951171875,0.025270078226261483
2020-03-22,1484.0,0.03303548290899508
2020-03-29,1623.9000244140625,0.0324196031589476
2020-04-05,1633.699951171875,0.03719759411601237
2020-04-12,1736.199951171875,0.03604274375875354
2020-04-19,1689.199951171875,0.037378871040940675
2020-04-26,1723.5,0.03676276676044856
2020-05-03,1694.5,0.0358591781355882
2020-05-10,1709.9000244140625,0.03497846137413853
2020-05-17,1753.4000244140625,0.03394200292122027
2020-05-24,1734.5999755859375,0.0333342178427399
2020-05-31,1736.9000244140625,0.03242996721271489
2020-06-07,1676.199951171875,0.031452079594127214
2020-06-14,1729.300048828125,0.03160280823683966
2020-06-21,1745.9000244140625,0.03138385756155863
2020-06-28,1772.5,0.030506511530439734
2020-07-05,1784.0,0.02977173198480544
2020-07-12,1798.199951171875,0.02892863755741535
2020-07-19,1808.300048828125,0.02813756009042239
2020-07-26,1897.300048828125,0.027357777546336334
2020-08-02,1962.800048828125,0.028582531200810092
2020-08-09,2010.0999755859375,0.028714935810816206
2020-08-16,1937.0,0.02834734731595457
2020-08-23,1934.5999755859375,0.028837659800430255
2020-08-30,1964.5999755859375,0.028015482592585007
2020-09-06,1923.9000244140625,0.02740751582809861
2020-09-13,1937.800048828125,0.027097211701847323
2020-09-20,1952.0999755859375,0.026378863041165733
2020-09-27,1857.699951171875,0.025694674827934194
2020-10-04,1900.199951171875,0.027459571851240604
2020-10-11,1919.5,0.027117728555594342
2020-10-18,1900.800048828125,0.026439467909280638
2020-10-25,1902.0,0.025832812385190394
2020-11-01,1877.4000244140625,0.025136165698352805
2020-11-08,1950.300048828125,0.02467581140524667
2020-11-15,1885.699951171875,0.025407401913650828
2020-11-22,1872.5999755859375,0.025930114420264154
2020-11-29,1781.9000244140625,0.02529486663208077
2020-12-06,1835.9000244140625,0.027119788114006713
2020-12-13,1839.800048828125,0.027133741785034752
2020-12-20,1885.699951171875,0.02638045740171213
2020-12-27,1879.9000244140625,0.026189328986069613
2021-01-03,1893.0999755859375,0.02549455204632277
2021-01-10,1834.0999755859375,0.024846482552071277
2021-01-17,1829.300048828125,0.02528457129206129
2021-01-24,1855.699951171875,0.024626805942140145
2021-01-31,1847.300048828125,0.024162846575030053
2021-02-07,1810.9000244140625,0.023575769381977536
2021-02-14,1821.5999755859375,0.023459897070219036
2021-02-21,1775.800048828125,0.022894216387117073
2021-02-28,1728.0999755859375,0.023112736284795078
2021-03-07,1698.0,0.023418078926343074
2021-03-14,1719.5,0.023212760894013657
2021-03-21,1741.4000244140625,0.022777142257056564
2021-03-28,1732.199951171875,0.022366324908737963
2021-04-04,1726.5,0.021875816884198117
2021-04-11,1743.300048828125,0.021383927096165777
2021-04-18,1779.0,0.02097799528990106
2021-04-25,1777.0,0.02094456385576915
2021-05-02,1767.300048828125,0.020480516416756658
2021-05-09,1831.0999755859375,0.020088087081137428
2021-05-16,1837.9000244140625,0.021099917580593323
2021-05-23,1876.699951171875,0.020629363550509237
2021-05-30,1902.5,0.0206491468412201
2021-06-06,1889.800048828125,0.020384148878862113
2021-06-13,1877.4000244140625,0.020019011159916993
2021-06-20,1767.9000244140625,0.019671109267929338
2021-06-27,1776.5999755859375,0.023641231047535908
2021-07-04,1782.5999755859375,0.023058070385480925
2021-07-11,1810.0,0.022492181437836836
2021-07-18,1814.5,0.022171401096727876
2021-07-25,1801.4000244140625,0.02164376333827627
2021-08-01,1812.5999755859375,0.02122347806847268
2021-08-08,1760.0,0.02076942369731313
2021-08-15,1775.199951171875,0.02143226471260801
2021-08-22,1781.0,0.021003319736847288
2021-08-29,1816.5999755859375,0.02053501802890808
2021-09-05,1830.9000244140625,0.02051026252160047
2021-09-12,1789.5999755859375,0.020115840156981556
2021-09-19,1749.4000244140625,0.020405094516674
2021-09-26,1749.699951171875,0.02066485510593181
2021-10-03,1757.0,0.0202092056700931
2021-10-10,1756.300048828125,0.019785871079916587
2021-10-17,1767.199951171875,0.019375857001843435
2021-10-24,1795.5,0.019016048261828202
2021-10-31,1783.0,0.01892904267596869
2021-11-07,1816.4000244140625,0.01864934948188838
2021-11-14,1867.9000244140625,0.018701519257161334
2021-11-21,1851.199951171875,0.01929488405384754
2021-11-28,1785.300048828125,0.019042918902590713
2021-12-05,1782.0,0.020458987574151065
2021-12-12,1782.9000244140625,0.02002376469734171
2021-12-19,1803.800048828125,0.019599158255054944
2021-12-26,1811.199951171875,0.01933714829975279
2022-01-02,1827.5,0.01895762092011011
2022-01-09,1797.0,0.01866732613981603
2022-01-16,1816.5,0.01874962611931462
2022-01-23,1831.800048828125,0.018513973796064155
2022-01-30,1784.9000244140625,0.018236856473704245
2022-02-06,1806.5999755859375,0.01890336233935465
2022-02-13,1840.800048828125,0.018694178292862084
2022-02-20,1898.5999755859375,0.018752147508783578
2022-02-27,1886.5,0.0195552799019709
2022-03-06,1965.0999755859375,0.019228664273001232
2022-03-13,1982.699951171875,0.02082237362905225
2022-03-20,1928.199951171875,0.02043074096965666
2022-03-27,1953.800048828125,0.021015751474590262
2022-04-03,1919.0999755859375,0.020715919718451516
2022-04-10,1941.5999755859375,0.020702559260727508
2022-04-17,1970.9000244140625,0.020378383083490676
2022-04-24,1931.0,0.020172266189352257
2022-05-01,1909.300048828125,0.02032453557940423
2022-05-08,1881.199951171875,0.020079786907178546
2022-05-15,1807.4000244140625,0.01997572734836732
2022-05-22,1841.800048828125,0.02161604543273662
2022-05-29,1851.300048828125,0.021478909267253106
2022-06-05,1845.4000244140625,0.021000965328634276
2022-06-12,1871.5,0.020551036900899797
2022-06-19,1835.5999755859375,0.02030390250184346
2022-06-26,1826.5,0.020390062385246436
2022-07-03,1798.9000244140625,0.01999425399819297
2022-07-10,1740.5999755859375,0.019912059889334553
2022-07-17,1702.4000244140625,0.020934081425787822
2022-07-24,1727.0999755859375,0.021121585261297343
2022-07-31,1762.9000244140625,0.0208525147829904
2022-08-07,1772.9000244140625,0.020839004079423382
2022-08-14,1798.5999755859375,0.020397907028953336
2022-08-21,1747.5999755859375,0.020171026613482464
2022-08-28,1736.0999755859375,0.02084443328983186
2022-09-04,1709.800048828125,0.020453172702384722
2022-09-11,1716.199951171875,0.020342426538220052
2022-09-18,1671.699951171875,0.019909461204849314
2022-09-25,1645.300048828125,0.02043481333099213
2022-10-02,1662.4000244140625,0.020352231310446015
2022-10-09,1700.5,0.020015346670282312
2022-10-16,1641.699951171875,0.02016977210742699
2022-10-23,1651.0,0.021348438841885822
2022-10-30,1639.5999755859375,0.020881960707109747
2022-11-06,1672.5,0.020495084177916352
2022-11-13,1766.0,0.02047652605509844
2022-11-20,1751.9000244140625,0.023294943443590264
2022-11-27,1753.300048828125,0.022806049765995436
2022-12-04,1795.9000244140625,0.02224683035544261
2022-12-11,1798.0999755859375,0.022304617587151014
2022-12-18,1790.0,0.02176877194231317
2022-12-25,1795.9000244140625,0.02129671009266869
2023-01-01,1819.699951171875,0.020814257268405304
2023-01-08,1864.199951171875,0.020525179085544715
2023-01-15,1918.4000244140625,0.02072129378139766
2023-01-22,1926.4000244140625,0.02117159647816364
2023-01-29,1928.5999755859375,0.020700546538458365
2023-02-05,1862.9000244140625,0.02024184823429918
2023-02-12,1862.800048828125,0.02136701904754126
2023-02-19,1840.4000244140625,0.02087778246310017
2023-02-26,1808.800048828125,0.02062575951981602
2023-03-05,1847.699951171875,0.02059125601434993
2023-03-12,1862.0,0.020632388979618426
2023-03-19,1969.800048828125,0.020229505642336075
2023-03-26,1982.0999755859375,0.023313076253850144
2023-04-02,1969.0,0.022757888116882518
2023-04-09,2011.9000244140625,0.022269638882586987
2023-04-16,2002.199951171875,0.022206909573582748
2023-04-23,1979.5,0.021717578741089438
2023-04-30,1989.0999755859375,0.021395913245398822
