Date,Gold Spot Price,"GARCH(1,1) Volatility"
2000-09-03,277.0,808.7845550474187
2000-09-10,273.29998779296875,974.0800343312224
2000-09-17,272.29998779296875,977.7631102414539
2000-09-24,271.79998779296875,978.7585341786605
2000-10-01,273.6000061035156,979.256246353553
2000-10-08,269.29998779296875,977.4644649410103
2000-10-15,272.3999938964844,981.7448092825408
2000-10-22,271.20001220703125,978.6589856845832
2000-10-29,264.3999938964844,979.8534768422076
2000-11-05,264.6000061035156,986.6223964015174
2000-11-12,264.5,986.4232985601866
2000-11-19,265.70001220703125,986.5228474781669
2000-11-26,266.29998779296875,985.328321573386
2000-12-03,268.70001220703125,984.7310892898672
2000-12-10,272.20001220703125,982.3420405907643
2000-12-17,270.3999938964844,978.8580523002989
2000-12-24,273.70001220703125,980.6498350971436
2000-12-31,272.0,977.3649165185684
2001-01-07,268.0,979.0571493159382
2001-01-14,263.8999938964844,983.0388512017662
2001-01-21,264.29998779296875,987.120110720689
2001-01-28,262.79998779296875,986.7219453302364
2001-02-04,267.1000061035156,988.2150887698543
2001-02-11,259.8999938964844,983.9347292508407
2001-02-18,258.20001220703125,991.1018300808395
2001-02-25,260.8999938964844,992.7940451535652
2001-03-04,262.1000061035156,990.1063994424914
2001-03-11,270.79998779296875,988.9118712264722
2001-03-18,258.1000061035156,980.2516711148689
2001-03-25,261.5,992.8935944119615
2001-04-01,257.8999938964844,989.5091352387022
2001-04-08,260.0,993.0926929445546
2001-04-15,260.1000061035156,991.0022809175215
2001-04-22,264.79998779296875,990.9027317595011
2001-04-29,263.8999938964844,986.2242311184032
2001-05-06,266.1000061035156,987.120110720689
2001-05-13,267.8999938964844,984.9301565701177
2001-05-20,287.3999938964844,983.138399936203
2001-05-27,277.8999938964844,963.7276861562779
2001-06-03,266.3999938964844,973.1841611842889
2001-06-10,273.3999938964844,984.6315404688207
2001-06-17,271.20001220703125,977.6635618024548
2001-06-24,272.29998779296875,979.8534768422076
2001-07-01,270.6000061035156,978.7585341786605
2001-07-08,265.8999938964844,980.4507379060847
2001-07-15,267.1000061035156,985.129254249989
2001-07-22,269.8999938964844,983.9347292508407
2001-07-29,267.3999938964844,981.147547792461
2001-08-05,267.8999938964844,983.6361133117226
2001-08-12,273.8999938964844,983.138399936203
2001-08-19,279.29998779296875,977.1658500681631
2001-08-26,272.5,971.7905782591563
2001-09-02,274.3999938964844,978.5594371960063
2001-09-09,273.1000061035156,976.6681384720008
2001-09-16,290.20001220703125,977.962176758075
2001-09-23,291.8999938964844,960.9405061925386
2001-09-30,292.3999938964844,959.2483212984254
2001-10-07,291.3999938964844,958.7506148190564
2001-10-14,284.8999938964844,959.7460279238094
2001-10-21,280.1000061035156,966.2162272385077
2001-10-28,277.8999938964844,970.9942239546701
2001-11-04,279.79998779296875,973.1841611842889
2001-11-11,277.3999938964844,971.2928681683425
2001-11-18,274.70001220703125,973.6818718076055
2001-11-25,272.8999938964844,976.3694933539558
2001-12-02,273.8999938964844,978.1612736746649
2001-12-09,273.8999938964844,977.1658500681631
2001-12-16,278.0,977.1658500681631
2001-12-23,278.0,973.0846130008306
2001-12-30,276.5,973.0846130008306
2002-01-06,278.8999938964844,974.5777452056947
2002-01-13,287.3999938964844,972.1887403573654
2002-01-20,283.1000061035156,963.7276861562779
2002-01-27,278.79998779296875,968.0079668799827
2002-02-03,286.0,972.2882884904043
2002-02-10,303.5,965.1212626450828
2002-02-17,298.3999938964844,947.7015629812788
2002-02-24,293.20001220703125,952.7781485390968
2002-03-03,298.0,957.9542665298011
2002-03-10,290.1000061035156,953.1763062191343
2002-03-17,289.8999938964844,961.0400536804789
2002-03-24,297.29998779296875,961.2391486737839
2002-03-31,302.6000061035156,953.8731051714341
2002-04-07,300.1000061035156,948.5974227357253
2002-04-14,302.1000061035156,951.085941492473
2002-04-21,302.29998779296875,949.0951261860453
2002-04-28,311.6000061035156,948.896063014259
2002-05-05,312.20001220703125,939.6387866815578
2002-05-12,311.0,939.0415399763465
2002-05-19,310.6000061035156,940.2360336104762
2002-05-26,320.3999938964844,940.6341882280749
2002-06-02,326.5,930.8792922411106
2002-06-09,324.6000061035156,924.8073844225402
2002-06-16,319.1000061035156,926.6986238527361
2002-06-23,324.6000061035156,932.1732950271532
2002-06-30,313.5,926.6986238527361
2002-07-07,310.8999938964844,937.7475315321965
2002-07-14,315.6000061035156,940.33557984989
2002-07-21,323.8999938964844,935.6571867292812
2002-07-28,303.3999938964844,927.3954112537393
2002-08-04,307.0,947.8011096803248
2002-08-11,314.20001220703125,944.2176449857844
2002-08-18,313.70001220703125,937.050739498252
2002-08-25,306.70001220703125,937.5484393834389
2002-09-01,312.3999938964844,944.5162540845463
2002-09-08,319.8999938964844,938.8424780425422
2002-09-15,316.6000061035156,931.3769901661816
2002-09-22,321.8999938964844,934.6617883096181
2002-09-29,319.70001220703125,929.3861994255789
2002-10-06,322.1000061035156,931.5760511546421
2002-10-13,316.29998779296875,929.1871083417151
2002-10-20,312.70001220703125,934.9604259956016
2002-10-27,313.3999938964844,938.5438396227346
2002-11-03,318.79998779296875,937.8470776159547
2002-11-10,321.29998779296875,932.4719322379067
2002-11-17,320.70001220703125,929.9834424541997
2002-11-24,320.70001220703125,930.580655336508
2002-12-01,316.79998779296875,930.580655336508
2002-12-08,326.29998779296875,934.4627269276674
2002-12-15,333.20001220703125,925.0064749370413
2002-12-22,340.5,918.1382622590704
2002-12-29,349.20001220703125,910.8719647253712
2003-01-05,351.20001220703125,902.2121516006407
2003-01-12,354.5,900.2214002122558
2003-01-19,356.6000061035156,896.9366787605425
2003-01-26,368.20001220703125,894.8463917111602
2003-02-02,368.29998779296875,883.30012946415
2003-02-09,369.8999938964844,883.2006175058646
2003-02-16,351.8999938964844,881.6080323039711
2003-02-23,351.79998779296875,899.5246561189969
2003-03-02,350.20001220703125,899.6241996472111
2003-03-09,350.79998779296875,901.2167755542936
2003-03-16,336.5,900.6195745655585
2003-03-23,326.0,914.8534998313719
2003-03-30,328.70001220703125,925.3050803806897
2003-04-06,325.29998779296875,922.6175119952408
2003-04-13,327.8999938964844,926.0018671461315
2003-04-20,327.20001220703125,923.4138426828056
2003-04-27,333.3999938964844,924.1105982041623
2003-05-04,341.0,917.9392030307079
2003-05-11,348.6000061035156,910.3742736016156
2003-05-18,354.70001220703125,902.8093836408464
2003-05-25,368.79998779296875,896.7375920954208
2003-06-01,364.5,882.702936322505
2003-06-08,363.70001220703125,886.9829884398704
2003-06-15,356.6000061035156,887.7792688289958
2003-06-22,356.29998779296875,894.8463917111602
2003-06-29,345.20001220703125,895.1450213109478
2003-07-06,351.0,906.1936627827052
2003-07-13,344.79998779296875,900.4204873747818
2003-07-20,347.20001220703125,906.5918388142252
2003-07-27,362.70001220703125,904.202905796959
2003-08-03,346.1000061035156,888.7746351664239
2003-08-10,356.29998779296875,905.297827870413
2003-08-17,363.20001220703125,895.1450213109478
2003-08-24,363.1000061035156,888.2769519057674
2003-08-31,375.70001220703125,888.3764946184324
2003-09-07,377.6000061035156,875.8349309669223
2003-09-14,375.79998779296875,873.943760231868
2003-09-21,381.79998779296875,875.7354195768193
2003-09-28,380.79998779296875,869.7632922700599
2003-10-05,369.3999938964844,870.7586448779799
2003-10-12,373.6000061035156,882.1057130746508
2003-10-19,371.79998779296875,877.9251883175955
2003-10-26,388.8999938964844,879.7168531686755
2003-11-02,384.5,862.6963053672935
2003-11-09,383.29998779296875,867.0758319997079
2003-11-16,397.79998779296875,868.270264828115
2003-11-23,396.0,853.8377589648474
2003-11-30,396.79998779296875,855.6293589429422
2003-12-07,406.3999938964844,854.8330987059047
2003-12-14,409.3999938964844,845.2778656099892
2003-12-21,409.20001220703125,842.2918731751574
2003-12-28,412.29998779296875,842.490920871801
2004-01-04,415.70001220703125,839.4054272761495
2004-01-11,426.3999938964844,836.0212962096725
2004-01-18,406.70001220703125,825.3713985157285
2004-01-25,407.8999938964844,844.9792477943813
2004-02-01,402.20001220703125,843.7848684271686
2004-02-08,403.6000061035156,849.4582496819947
2004-02-15,410.29998779296875,848.0647866653308
2004-02-22,397.5,841.3960830300196
2004-02-29,396.3999938964844,854.1363486501959
2004-03-07,401.29998779296875,855.2312287584944
2004-03-14,395.29998779296875,850.3540764121565
2004-03-21,412.5,856.3261098640129
2004-03-28,422.1000061035156,839.2063497421284
2004-04-04,421.6000061035156,829.6512467272767
2004-04-11,419.8999938964844,830.1489059970886
2004-04-18,401.0,831.8409613470309
2004-04-25,395.1000061035156,850.6526652230606
2004-05-02,387.0,856.5251599329572
2004-05-09,378.70001220703125,864.5874592499845
2004-05-16,377.0,872.8488635923836
2004-05-23,384.79998779296875,874.540979736234
2004-05-30,394.0,866.7772391581949
2004-06-06,390.8999938964844,857.6200422120672
2004-06-13,385.8999938964844,860.7056138066565
2004-06-20,395.1000061035156,865.6823487233213
2004-06-27,402.8999938964844,856.5251599329572
2004-07-04,398.29998779296875,848.7615331547058
2004-07-11,407.5,853.3400894047054
2004-07-18,406.6000061035156,844.1829947458675
2004-07-25,390.5,845.0787870577085
2004-08-01,391.0,861.1037457856706
2004-08-08,399.79998779296875,860.6060732382292
2004-08-15,398.8999938964844,851.8470819701786
2004-08-22,413.20001220703125,852.7428801312814
2004-08-29,403.29998779296875,838.5096090229581
2004-09-05,400.5,848.3634052709248
2004-09-12,401.8999938964844,851.1503336588694
2004-09-19,405.79998779296875,849.7568686415364
2004-09-26,408.1000061035156,845.8750710964821
2004-10-03,419.5,843.5857901317532
2004-10-10,423.1000061035156,832.2390834606053
2004-10-17,418.70001220703125,828.6559288651167
2004-10-24,424.6000061035156,833.0353281168232
2004-10-31,428.5,827.1629537716508
2004-11-07,433.6000061035156,823.281234223334
2004-11-14,437.8999938964844,818.2051466443752
2004-11-21,446.79998779296875,813.9253443720872
2004-11-28,449.29998779296875,805.0671863803848
2004-12-05,456.0,802.578952015949
2004-12-12,433.8999938964844,795.9105026655625
2004-12-19,441.6000061035156,817.906566522391
2004-12-26,441.8999938964844,810.2427153481506
2005-01-02,437.5,809.9441375195274
2005-01-09,418.8999938964844,814.3234598275675
2005-01-16,422.70001220703125,832.8362820865952
2005-01-23,426.70001220703125,829.0540498265059
2005-01-30,425.79998779296875,825.0727860116424
2005-02-06,414.0,825.9685933967914
2005-02-13,420.5,837.7133604757253
2005-02-20,427.1000061035156,831.2437632580408
2005-02-27,434.8999938964844,824.6746665092907
2005-03-06,434.20001220703125,816.911259562883
2005-03-13,446.20001220703125,817.6079561108335
2005-03-20,439.29998779296875,805.664339249641
2005-03-27,424.70001220703125,812.5319262969056
2005-04-03,425.8999938964844,827.0634160965772
2005-04-10,426.8999938964844,825.8690558312896
2005-04-17,424.8999938964844,824.8737414293822
2005-04-24,434.29998779296875,826.8643711484008
2005-05-01,435.0,817.5084497002039
2005-05-08,426.1000061035156,816.8117228440173
2005-05-15,420.20001220703125,825.6699807277486
2005-05-22,417.3999938964844,831.5423470748099
2005-05-29,419.79998779296875,834.3292648682435
2005-06-05,423.70001220703125,831.9404994556903
2005-06-12,427.3999938964844,828.0587325075602
2005-06-19,438.29998779296875,824.3760845726658
2005-06-26,440.5,813.5272290695759
2005-07-03,427.79998779296875,811.33755208888
2005-07-10,422.8999938964844,823.977965327815
2005-07-17,420.70001220703125,828.8550045150461
2005-07-24,424.70001220703125,831.0446871752354
2005-07-31,429.8999938964844,827.0634160965772
2005-08-07,437.20001220703125,821.887803748132
2005-08-14,445.8999938964844,814.6220389258598
2005-08-21,437.20001220703125,805.96294619141
2005-08-28,437.3999938964844,814.6220389258598
2005-09-04,444.20001220703125,814.4229963088806
2005-09-11,449.0,807.6549323697978
2005-09-18,459.5,802.87752766217
2005-09-25,463.5,792.4270088743078
2005-10-02,469.0,788.4458886634542
2005-10-09,474.70001220703125,782.9718759050206
2005-10-16,469.20001220703125,777.2988302811109
2005-10-23,467.0,782.7728093544033
2005-10-30,473.0,784.9624222754921
2005-11-06,456.29998779296875,778.9907960853303
2005-11-13,468.29998779296875,795.6119291397988
2005-11-20,485.6000061035156,783.6685787970061
2005-11-27,492.1000061035156,766.450503907301
2005-12-04,503.29998779296875,759.9813792210471
2005-12-11,527.0,748.8347151340342
2005-12-18,503.3999938964844,725.2480435830354
2005-12-25,503.0,748.7351857939839
2006-01-01,517.0999755859375,749.1332728557329
2006-01-08,539.7000122070312,735.1006348640053
2006-01-15,556.0999755859375,712.609074586517
2006-01-22,553.5,696.2882802538853
2006-01-29,558.7000122070312,698.8756780690584
2006-02-05,567.4000244140625,693.700832022712
2006-02-12,550.2000122070312,685.0430185555027
2006-02-19,551.7999877929688,702.1597163653378
2006-02-26,558.7999877929688,700.5674717399215
2006-03-05,566.0,693.6013406882815
2006-03-12,539.9000244140625,686.4362441830144
2006-03-19,554.0999755859375,712.4100255539787
2006-03-26,560.0,698.2786040444914
2006-04-02,581.7999877929688,692.4071421844986
2006-04-09,588.4000244140625,670.7131701000469
2006-04-16,596.5,664.1453868217767
2006-04-23,632.2000122070312,656.085099562491
2006-04-30,651.7999877929688,620.5615011479923
2006-05-07,682.2000122070312,601.059521707049
2006-05-14,710.2999877929688,570.8133318424929
2006-05-21,656.7000122070312,542.8578267953222
2006-05-28,650.9000244140625,596.1841356380123
2006-06-04,635.5,601.9549661198336
2006-06-11,608.2000122070312,617.277952445949
2006-06-18,578.0,644.4426278205556
2006-06-25,584.7999877929688,674.4946218538504
2006-07-02,613.5,667.727821269644
2006-07-09,632.7999877929688,639.1687912171213
2006-07-16,666.5999755859375,619.9645126188356
2006-07-23,619.5999755859375,586.3341310919318
2006-07-30,634.7999877929688,633.0989828544086
2006-08-06,644.0,617.9744755175793
2006-08-13,633.5,608.8204065734259
2006-08-20,612.0999755859375,619.2679864985073
2006-08-27,622.0,640.561902299387
2006-09-03,624.4000244140625,630.7108482833727
2006-09-10,609.5999755859375,628.3227255481302
2006-09-17,576.4000244140625,643.0495668249977
2006-09-24,589.4000244140625,676.0868001670065
2006-10-01,598.5999755859375,663.1502802964801
2006-10-08,572.4000244140625,653.9954328288148
2006-10-15,588.7999877929688,680.0673253056484
2006-10-22,593.0,663.7473804419351
2006-10-29,598.2000122070312,659.567935794044
2006-11-05,626.9000244140625,654.3934321495665
2006-11-12,628.4000244140625,625.8351357358089
2006-11-19,621.5,624.3425881479196
2006-11-26,628.7000122070312,631.2083702863672
2006-12-03,644.7000122070312,624.0440913475405
2006-12-10,626.0999755859375,608.1238979132405
2006-12-17,615.0,626.6312116387718
2006-12-24,619.0999755859375,637.6762025239032
2006-12-31,635.2000122070312,633.5965073063063
2007-01-07,604.9000244140625,617.5764448507942
2007-01-14,625.5,647.7263602383265
2007-01-21,635.5,627.2282087141517
2007-01-28,644.5,617.277952445949
2007-02-04,646.2000122070312,608.322908948793
2007-02-11,667.5,606.6314091700154
2007-02-18,668.7999877929688,585.4386607730457
2007-02-25,683.0999755859375,584.1452545538746
2007-03-04,641.5,569.9179597204671
2007-03-11,650.0,611.3079032354249
2007-03-18,652.5999755859375,602.8504731757916
2007-03-25,656.7000122070312,600.2635524890637
2007-04-01,663.0,596.1841356380123
2007-04-08,674.2000122070312,589.9159115361399
2007-04-15,685.4000244140625,578.7726164825931
2007-04-22,692.0,567.6296551048778
2007-04-29,678.7000122070312,561.063462881622
2007-05-06,687.2000122070312,574.2954974749977
2007-05-13,670.5999755859375,565.8388685695214
2007-05-20,661.0,582.3543869550356
2007-05-27,655.0999755859375,591.9058171564853
2007-06-03,671.2000122070312,597.7761205874687
2007-06-10,645.5,581.7573924805235
2007-06-17,654.5,607.327915418486
2007-06-24,653.5,598.3730785839734
2007-07-01,648.0999755859375,599.3680509872678
2007-07-08,652.7000122070312,604.740967330005
2007-07-15,665.7999877929688,600.1640184886443
2007-07-22,683.9000244140625,587.1300727112579
2007-07-29,660.0,569.1219943182917
2007-08-05,672.5,592.9007737018874
2007-08-12,670.2999877929688,580.4639987785185
2007-08-19,656.9000244140625,582.6528541820007
2007-08-26,668.0,595.9851303652536
2007-09-02,673.0,584.9411916559351
2007-09-09,700.7999877929688,579.9665361756797
2007-09-16,709.5999755859375,552.3087182692311
2007-09-23,731.4000244140625,543.5542106731663
2007-09-30,742.7999877929688,521.8679266322875
2007-10-07,741.2999877929688,510.52812826543357
2007-10-14,748.7000122070312,512.020183731653
2007-10-21,764.0,504.6594377907322
2007-10-28,783.9000244140625,489.4413684299479
2007-11-04,805.7000122070312,469.6494482208624
2007-11-11,832.5,447.97016150307394
2007-11-18,785.7000122070312,421.32234606763024
2007-11-25,824.0,467.8593322377245
2007-12-02,782.2000122070312,429.77358812771683
2007-12-09,794.4000244140625,471.3401517304775
2007-12-16,793.2999877929688,459.2072675318185
2007-12-23,811.5999755859375,460.3012198410231
2007-12-30,839.5999755859375,442.10331764536846
2008-01-06,863.0999755859375,414.2634781639633
2008-01-13,896.0999755859375,390.90225603463836
2008-01-20,880.7999877929688,358.10542328980347
2008-01-27,910.5,373.3098796375324
2008-02-03,908.7000122070312,343.7977096574997
2008-02-10,918.4000244140625,345.586021298664
2008-02-17,902.7999877929688,335.94942594953255
2008-02-24,944.7000122070312,351.4480539077025
2008-03-02,972.0999755859375,309.8281672730896
2008-03-09,972.2000122070312,282.6273010679126
2008-03-16,998.2000122070312,282.52802000889665
2008-03-23,919.5999755859375,256.73292690986267
2008-03-30,930.5999755859375,334.75740657905277
2008-04-06,909.0,323.8310675551519
2008-04-13,923.5999755859375,345.2879766376887
2008-04-20,912.2000122070312,330.7839911153096
2008-04-27,887.2000122070312,342.10876281381053
2008-05-04,856.0999755859375,366.9495169753416
2008-05-11,884.5,397.86045585392804
2008-05-18,899.0,369.6327460128328
2008-05-25,925.5999755859375,355.22379280205877
2008-06-01,887.2999877929688,328.7973683404252
2008-06-08,895.4000244140625,366.85016428383364
2008-06-15,870.2999877929688,358.8009491260537
2008-06-22,901.2999877929688,383.7456799431453
2008-06-29,929.2999877929688,352.938461760771
2008-07-06,931.9000244140625,325.1222578191721
2008-07-13,959.5,322.5398423263455
2008-07-20,957.2999877929688,295.13386112171236
2008-07-27,926.5999755859375,297.31790097698433
2008-08-03,909.0,327.8040786427485
2008-08-10,857.7999877929688,345.2879766376887
2008-08-17,786.0,396.17055749873794
2008-08-24,827.4000244140625,467.56099127116505
2008-08-31,829.2999877929688,426.3930091392481
2008-09-07,797.5999755859375,424.50394540063104
2008-09-14,760.2999877929688,456.0250521122881
2008-09-21,860.5999755859375,493.1214793862492
2008-09-28,882.9000244140625,393.3872800013181
2008-10-05,828.9000244140625,371.2228114335905
2008-10-12,855.4000244140625,424.9016122735595
2008-10-19,785.0999755859375,398.5562497116883
2008-10-26,729.0999755859375,468.4560762293468
2008-11-02,716.7999877929688,524.1558947704954
2008-11-09,733.2000122070312,536.391594053767
2008-11-16,742.4000244140625,520.077406399244
2008-11-23,791.7000122070312,510.9259724468087
2008-11-30,816.2000122070312,461.8923573537514
2008-12-07,750.5,437.5292470681097
2008-12-14,818.9000244140625,502.86903697487315
2008-12-21,836.4000244140625,434.84453614887957
2008-12-28,870.4000244140625,417.4448579976733
2009-01-04,878.7999877929688,383.6462500922064
2009-01-11,854.2999877929688,375.29756961989267
2009-01-18,839.2999877929688,399.64976079109863
2009-01-25,895.2999877929688,414.5617218103643
2009-02-01,927.2999877929688,358.900353728038
2009-02-08,913.9000244140625,327.1087724297427
2009-02-15,941.5,340.4198531812456
2009-02-22,1001.7999877929688,313.0058480349065
2009-03-01,941.5,253.1628186685687
2009-03-08,942.0999755859375,313.0058480349065
2009-03-15,929.7999877929688,312.4100461366262
2009-03-22,955.7999877929688,324.6256384992673
2009-03-29,923.0,298.8070653588188
2009-04-05,895.5999755859375,331.37996485342074
2009-04-12,882.2000122070312,358.60226155598957
2009-04-19,867.4000244140625,371.9184959336183
2009-04-26,913.5999755859375,386.62809304861753
2009-05-03,887.5999755859375,340.71793969800495
2009-05-10,914.4000244140625,366.552046181209
2009-05-17,930.9000244140625,339.92312578323464
2009-05-24,958.5,323.5330529084622
2009-05-31,978.7999877929688,296.12658909821505
2009-06-07,961.7000122070312,275.97841031600484
2009-06-14,940.0999755859375,292.9499183325319
2009-06-21,935.5999755859375,314.3961567547301
2009-06-28,940.7000122070312,318.865146379515
2009-07-05,930.7000122070312,313.800280177312
2009-07-12,912.2000122070312,323.7317089804063
2009-07-19,937.2000122070312,342.10876281381053
2009-07-26,952.7999877929688,317.2760983190472
2009-08-02,953.7000122070312,301.7855239134022
2009-08-09,957.2999877929688,300.89194415310044
2009-08-16,947.0,297.31790097698433
2009-08-23,953.2000122070312,307.5443393870984
2009-08-30,957.0,301.38836200319054
2009-09-06,994.9000244140625,297.615718225025
2009-09-13,1004.9000244140625,260.0058835278672
2009-09-20,1009.2000122070312,250.08883100092427
2009-09-27,990.2000122070312,245.82550208564393
2009-10-04,1003.2000122070312,264.66794513168253
2009-10-11,1047.800048828125,251.77451987820072
2009-10-18,1050.699951171875,207.58799266673404
2009-10-25,1055.5999755859375,204.71829549993348
2009-11-01,1039.699951171875,199.8704692468085
2009-11-08,1095.0999755859375,215.6062268879871
2009-11-15,1116.0999755859375,160.85994581490718
2009-11-22,1146.4000244140625,140.19286309321126
2009-11-29,1174.199951171875,110.53403771188162
2009-12-06,1168.800048828125,83.64440823374662
2009-12-13,1119.4000244140625,88.82949337130134
2009-12-20,1110.800048828125,136.95182430405262
2009-12-27,1104.0999755859375,145.40222739937218
2010-01-03,1095.199951171875,151.9945023352893
2010-01-10,1138.199951171875,160.7614065844026
2010-01-17,1130.0999755859375,118.53513658221407
2010-01-24,1089.199951171875,126.45910935024558
2010-01-31,1083.0,166.67732122009272
2010-02-07,1052.199951171875,172.79459588092843
2010-02-14,1089.5,203.23411636341297
2010-02-21,1121.300048828125,166.38137846105636
2010-02-28,1118.300048828125,135.08675724344025
2010-03-07,1134.800048828125,138.0318952248915
2010-03-14,1101.5,121.85890808321241
2010-03-21,1107.4000244140625,154.55447133881287
2010-03-28,1104.199951171875,148.7466686068938
2010-04-04,1125.0999755859375,151.89608460197476
2010-04-11,1161.0999755859375,131.35904031650773
2010-04-18,1136.300048828125,96.25960771915052
2010-04-25,1153.0999755859375,120.3920737655609
2010-05-02,1180.0999755859375,104.0155447556489
2010-05-09,1210.0,78.00875356328075
2010-05-16,1227.4000244140625,50.29646669453689
2010-05-23,1175.699951171875,35.72842441167953
2010-05-30,1212.199951171875,82.20844878786782
2010-06-06,1216.199951171875,48.35425352019769
2010-06-13,1228.9000244140625,44.881486753800964
2010-06-20,1257.199951171875,34.59177923135142
2010-06-27,1255.800048828125,22.906077966106253
2010-07-04,1207.4000244140625,22.816470934355653
2010-07-11,1209.5999755859375,52.616985344301085
2010-07-18,1188.0,50.6518022837569
2010-07-25,1187.699951171875,70.52381629478643
2010-08-01,1181.699951171875,70.80659047768333
2010-08-08,1203.4000244140625,76.4866686639107
2010-08-15,1214.9000244140625,56.23279856673342
2010-08-22,1227.199951171875,46.001006830603735
2010-08-29,1236.0,35.882010065296726
2010-09-05,1249.199951171875,29.64449836219613
2010-09-12,1244.5,23.52917515180179
2010-09-19,1275.5999755859375,25.095750894316925
2010-09-26,1296.0,30.654984279886904
2010-10-03,1316.0999755859375,46.739720345269376
2010-10-10,1344.199951171875,64.94781933883641
2010-10-17,1371.0999755859375,91.67342984737721
2010-10-24,1324.4000244140625,117.80432564048003
2010-10-31,1357.0999755859375,72.74389297881237
2010-11-07,1397.300048828125,104.16320751698943
2010-11-14,1365.4000244140625,143.4870760054745
2010-11-21,1352.199951171875,112.24163420281639
2010-11-28,1362.300048828125,99.40836723641385
2010-12-05,1405.4000244140625,109.22117788210772
2010-12-12,1384.300048828125,151.45510121649542
2010-12-19,1378.5999755859375,130.72373994601162
2010-12-26,1380.0,125.13914268559098
2011-01-02,1421.0999755859375,126.51005461809422
2011-01-09,1368.5,166.92584993729437
2011-01-16,1360.4000244140625,115.2655965639987
2011-01-23,1341.0,107.37175249255141
2011-01-30,1340.699951171875,88.590946571124
2011-02-06,1348.300048828125,88.30228979140024
2011-02-13,1359.9000244140625,95.6329500506277
2011-02-20,1388.199951171875,106.88531462483051
2011-02-27,1408.699951171875,134.54902000426895
2011-03-06,1428.199951171875,154.70415573790575
2011-03-13,1421.5,173.93166332113282
2011-03-20,1415.9000244140625,167.32042688630807
2011-03-27,1426.0999755859375,161.79837179360464
2011-04-03,1428.0999755859375,171.85899588254486
2011-04-10,1473.4000244140625,173.8329779019389
2011-04-17,1485.300048828125,218.62829625743615
2011-04-24,1503.199951171875,230.41577200017096
2011-05-01,1556.0,248.1573787238061
2011-05-08,1491.199951171875,300.54649426424453
2011-05-15,1493.4000244140625,236.2621483892731
2011-05-22,1508.800048828125,238.44261568307348
2011-05-29,1536.300048828125,253.71029096942175
2011-06-05,1541.699951171875,280.99184371524785
2011-06-12,1528.5999755859375,286.3510950028427
2011-06-19,1538.5999755859375,273.35091962192723
2011-06-26,1500.5,283.27437574318986
2011-07-03,1482.300048828125,245.48055059775797
2011-07-10,1541.199951171875,227.4435448760557
2011-07-17,1589.800048828125,285.8548316014031
2011-07-24,1601.300048828125,334.11376444064894
2011-07-31,1628.300048828125,345.53843483076525
2011-08-07,1648.800048828125,372.3678068559828
2011-08-14,1740.199951171875,392.74322300992753
2011-08-21,1848.9000244140625,483.62493989919216
2011-08-28,1794.0999755859375,591.7586302041748
2011-09-04,1873.699951171875,537.2391656938066
2011-09-11,1856.4000244140625,616.4341741819994
2011-09-18,1812.0999755859375,599.2208613270856
2011-09-25,1637.5,555.1460356052116
2011-10-02,1620.4000244140625,381.5113672403115
2011-10-09,1634.5,364.51687780414744
2011-10-16,1681.800048828125,378.5296664821235
2011-10-23,1635.0999755859375,425.5499858368113
2011-10-30,1746.199951171875,379.12597558940877
2011-11-06,1755.300048828125,489.59254322640163
2011-11-13,1787.5,498.64380539579076
2011-11-20,1724.699951171875,530.6736021015334
2011-11-27,1685.5,468.209406136124
2011-12-04,1747.0,429.2287592149737
2011-12-11,1712.800048828125,490.38828431169526
2011-12-18,1595.5999755859375,456.3751648178233
2011-12-25,1604.699951171875,339.8754821763903
2012-01-01,1565.800048828125,348.91639061115796
2012-01-08,1616.0999755859375,310.27710496814075
2012-01-15,1630.4000244140625,360.24382853703406
2012-01-22,1663.699951171875,374.4548384671867
2012-01-29,1731.800048828125,407.554855847392
2012-02-05,1737.9000244140625,475.2706694277355
2012-02-12,1723.300048828125,481.3374746438472
2012-02-19,1724.5,466.8171901595978
2012-02-26,1775.0999755859375,468.01055222061456
2012-03-04,1708.800048828125,518.3386418398982
2012-03-11,1710.9000244140625,452.39740551912223
2012-03-18,1655.5,454.4856939120867
2012-03-25,1662.300048828125,399.4032610415458
2012-04-01,1669.300048828125,406.16317182829886
2012-04-08,1628.5,413.12222509590566
2012-04-15,1659.0999755859375,372.5665236699233
2012-04-22,1642.0999755859375,402.98194194915436
2012-04-29,1664.0,386.0834457595429
2012-05-06,1644.699951171875,407.85314514386
2012-05-13,1583.5999755859375,388.66773778801604
2012-05-20,1591.5999755859375,327.955051280554
2012-05-27,1568.800048828125,335.90178490591074
2012-06-03,1620.5,313.2561873444288
2012-06-10,1590.0999755859375,364.6162280219475
2012-06-17,1627.0,334.41170413024776
2012-06-24,1566.0,371.0757933792805
2012-07-01,1603.5,310.47565718996196
2012-07-08,1578.4000244140625,347.72416896149
2012-07-15,1591.5999755859375,322.7902204876512
2012-07-22,1582.5,335.90178490591074
2012-07-29,1617.9000244140625,326.8624713145898
2012-08-05,1606.0,362.03255064546073
2012-08-12,1619.699951171875,350.2080848518307
2012-08-19,1616.300048828125,363.82118665172385
2012-08-26,1669.800048828125,360.4426410728111
2012-09-02,1684.5999755859375,413.6193142567751
2012-09-09,1737.5,428.33387806153394
2012-09-16,1769.800048828125,480.93962013554943
2012-09-23,1775.5,513.0666956568166
2012-09-30,1771.0999755859375,518.7365586147349
2012-10-07,1778.5999755859375,514.3597497484449
2012-10-14,1758.0,521.8202210548852
2012-10-21,1722.800048828125,501.329334433655
2012-10-28,1710.9000244140625,466.3199378846794
2012-11-04,1674.0999755859375,454.4856939120867
2012-11-11,1730.300048828125,417.89428272692277
2012-11-18,1714.300048828125,473.7788532204698
2012-11-25,1751.300048828125,457.8668470502202
2012-12-02,1710.9000244140625,494.6652277700672
2012-12-09,1704.0,454.4856939120867
2012-12-16,1695.800048828125,447.62416361778327
2012-12-23,1659.0999755859375,439.4703156278011
2012-12-30,1654.9000244140625,402.98194194915436
2013-01-06,1648.0999755859375,398.8068445673454
2013-01-13,1660.0,392.0473419779715
2013-01-20,1686.5999755859375,403.8766585729716
2013-01-27,1656.4000244140625,430.322456071033
2013-02-03,1669.4000244140625,400.29795188362436
2013-02-10,1666.0,413.2216185101526
2013-02-17,1608.800048828125,409.84143424703836
2013-02-24,1572.4000244140625,352.99020815327736
2013-03-03,1571.9000244140625,316.83126082952367
2013-03-10,1576.5999755859375,316.334706752605
2013-03-17,1592.5,321.00242473623666
2013-03-24,1606.199951171875,336.7958723412939
2013-03-31,1594.800048828125,350.4067528701982
2013-04-07,1575.4000244140625,339.08079843791995
2013-04-14,1501.0,319.8106697298795
2013-04-21,1395.300048828125,245.9762495528214
2013-04-28,1453.5999755859375,141.521349465852
2013-05-05,1464.300048828125,199.03165052978267
2013-05-12,1436.800048828125,209.61905175799401
2013-05-19,1364.9000244140625,182.424274977048
2013-05-26,1386.800048828125,111.75421540195308
2013-06-02,1392.5999755859375,133.17551882524674
2013-06-09,1383.0,138.86870666670214
2013-06-16,1387.300048828125,129.44933210047373
2013-06-23,1291.5999755859375,133.66604075611684
2013-06-30,1223.800048828125,42.9686246981633
2013-07-07,1212.9000244140625,38.555815781836706
2013-07-14,1277.800048828125,47.740706091546286
2013-07-21,1293.300048828125,32.16032106369371
2013-07-28,1321.699951171875,44.41242253358786
2013-08-04,1310.5999755859375,70.1960113402653
2013-08-11,1312.9000244140625,59.85103252980587
2013-08-18,1371.699951171875,61.974584807227494
2013-08-25,1395.699951171875,118.39047569718484
2013-09-01,1396.0999755859375,141.91434155617878
2013-09-08,1386.699951171875,142.3074824664787
2013-09-15,1308.4000244140625,133.077325170084
2013-09-22,1332.5,57.83179444724685
2013-09-29,1338.4000244140625,80.44222378631527
2013-10-06,1309.699951171875,86.09197376182853
2013-10-13,1268.0,59.02346363423933
2013-10-20,1314.4000244140625,26.20924612690851
2013-10-27,1352.4000244140625,63.36573259483489
2013-11-03,1313.0999755859375,99.60227743299093
2013-11-10,1284.5,62.15975139929506
2013-11-17,1287.300048828125,37.16671353771498
2013-11-24,1244.0,39.405427894961896
2013-12-01,1250.5999755859375,25.307669123381967
2013-12-08,1230.300048828125,23.22494070113798
2013-12-15,1235.699951171875,33.556140950778605
2013-12-22,1205.0999755859375,29.836281436980016
2013-12-29,1216.0999755859375,54.68989264406607
2014-01-05,1238.4000244140625,44.96725441423095
2014-01-12,1246.699951171875,28.17757107150931
2014-01-19,1251.699951171875,24.262899744545063
2014-01-26,1264.5,23.04231881743914
2014-02-02,1240.0999755859375,24.678282980617073
2014-02-09,1263.300048828125,27.21775778999683
2014-02-16,1319.0,24.24662950759645
2014-02-23,1323.9000244140625,67.65912385681747
2014-03-02,1321.4000244140625,72.2713074817957
2014-03-09,1338.0999755859375,69.91363986029504
2014-03-16,1379.0,85.80392384475293
2014-03-23,1336.0,125.53079700048379
2014-03-30,1293.800048828125,83.79002490252572
2014-04-06,1303.199951171875,44.840364743677355
2014-04-13,1318.699951171875,53.11286118578301
2014-04-20,1293.4000244140625,67.37792159299319
2014-04-27,1300.699951171875,44.49787375010596
2014-05-04,1302.5999755859375,50.875949296985894
2014-05-11,1287.300048828125,52.57395560839523
2014-05-18,1293.300048828125,39.405427894961896
2014-05-25,1291.5999755859375,44.41242253358786
2014-06-01,1245.5999755859375,42.9686246981633
2014-06-08,1252.0999755859375,24.658527098062457
2014-06-15,1273.699951171875,22.988487713463027
2014-06-22,1316.199951171875,29.424295864275756
2014-06-29,1319.0,65.04103650658277
2014-07-06,1320.4000244140625,67.65912385681747
2014-07-13,1337.0,68.97316163659421
2014-07-20,1309.199951171875,84.74857020253644
2014-07-27,1303.0999755859375,58.56458777946111
2014-08-03,1293.5999755859375,53.0229748370379
2014-08-10,1308.9000244140625,44.66895129333245
2014-08-17,1304.5,58.289636413338805
2014-08-24,1278.5999755859375,54.28478189989405
2014-08-31,1285.800048828125,32.726837836059005
2014-09-07,1265.800048828125,38.197149109859424
2014-09-14,1229.9000244140625,25.20158981173223
2014-09-21,1215.300048828125,33.84942582664484
2014-09-28,1214.0999755859375,45.655514233438176
2014-10-05,1192.199951171875,46.694515693389484
2014-10-12,1221.0,66.58032245833641
2014-10-19,1238.300048828125,40.83721875870353
2014-10-26,1231.199951171875,28.236161896196425
2014-11-02,1171.0999755859375,32.90443081140165
2014-11-09,1169.5999755859375,86.61820587482157
2014-11-16,1185.0,88.05993934041015
2014-11-23,1197.5,73.35679782649457
2014-11-30,1175.199951171875,61.64876115162952
2014-12-07,1190.0999755859375,82.68687526189113
2014-12-14,1222.0,68.54853752098244
2014-12-21,1195.9000244140625,40.0150794990362
2014-12-28,1195.300048828125,63.13160814576365
2015-01-04,1186.0,63.68903423198057
2015-01-11,1216.0,72.41109444103891
2015-01-18,1276.9000244140625,45.053078744369536
2015-01-25,1292.5999755859375,31.53479937759517
2015-02-01,1278.5,43.81572265227239
2015-02-08,1233.9000244140625,32.65550920174847
2015-02-15,1226.5,31.02227478063893
2015-02-22,1204.4000244140625,36.42280335577061
2015-03-01,1212.5999755859375,55.324120328674965
2015-03-08,1164.0999755859375,48.00339107783661
2015-03-15,1152.5999755859375,93.36023229295853
2015-03-22,1184.800048828125,104.50133790894265
2015-03-29,1199.800048828125,73.54605063576398
2015-04-05,1200.9000244140625,59.52707207553269
2015-04-12,1204.5999755859375,58.51688484193778
2015-04-19,1202.9000244140625,55.142789564438935
2015-04-26,1175.199951171875,56.688233898494076
2015-05-03,1174.5,82.68687526189113
2015-05-10,1189.0999755859375,83.35700768761971
2015-05-17,1225.5,69.4883133506393
2015-05-24,1204.300048828125,37.204432334778886
2015-05-31,1189.4000244140625,55.41483143024982
2015-06-07,1167.800048828125,69.20617049366852
2015-06-14,1178.800048828125,89.79218453333412
2015-06-21,1201.5,79.24745176861936
2015-06-28,1172.9000244140625,57.967185851948045
2015-07-05,1163.0,84.89044354557997
2015-07-12,1157.699951171875,94.42267814982358
2015-07-19,1131.800048828125,99.5518598619739
2015-07-26,1085.5999755859375,124.79447739348063
2015-08-02,1094.9000244140625,170.2287989391762
2015-08-09,1094.0999755859375,161.05702798742527
2015-08-16,1112.9000244140625,161.8456464973534
2015-08-23,1159.5999755859375,143.33754230572058
2015-08-30,1133.0999755859375,97.71127688833329
2015-09-06,1120.5999755859375,123.52216577084248
2015-09-13,1103.5,135.7738640738189
2015-09-20,1138.0999755859375,152.5851596314238
2015-09-27,1146.0,118.63282388168585
2015-10-04,1137.0999755859375,110.92380212991871
2015-10-11,1156.300048828125,119.61010400056662
2015-10-18,1183.5999755859375,100.90917998480398
2015-10-25,1163.300048828125,74.68298895336697
2015-11-01,1141.5,94.13279203916954
2015-11-08,1087.5999755859375,115.31240436971919
2015-11-15,1080.800048828125,168.2555696043242
2015-11-22,1076.4000244140625,174.96615590591762
2015-11-29,1056.199951171875,179.31077724685483
2015-12-06,1084.5,199.27698929758847
2015-12-13,1076.9000244140625,171.31423011537495
2015-12-20,1066.199951171875,178.816983419432
2015-12-27,1077.199951171875,189.38887649058535
2016-01-03,1060.300048828125,178.5207902600005
2016-01-10,1097.800048828125,195.221920186607
2016-01-17,1091.5,158.19910702869004
2016-01-24,1097.199951171875,164.40900786497176
2016-01-31,1116.4000244140625,158.79040434826925
2016-02-07,1157.800048828125,139.89809322450503
2016-02-14,1239.0999755859375,99.45484571307281
2016-02-21,1230.4000244140625,27.773895736209976
2016-02-28,1219.800048828125,33.483180906628625
2016-03-06,1269.9000244140625,41.83370124484863
2016-03-13,1258.699951171875,27.191717085085145
2016-03-20,1253.800048828125,23.095257102175374
2016-03-27,1221.4000244140625,22.835922785432494
2016-04-03,1222.199951171875,40.507408347157266
2016-04-10,1242.5,39.85164153853393
2016-04-17,1233.0999755859375,25.99031645650938
2016-04-24,1228.699951171875,31.56780117790137
2016-05-01,1289.199951171875,34.74182585058172
2016-05-08,1292.9000244140625,40.962852877847496
2016-05-15,1271.9000244140625,44.071105278218
2016-05-22,1252.4000244140625,28.32574802488968
2016-05-29,1213.800048828125,22.95256440392597
2016-06-05,1240.0999755859375,46.95534532067497
2016-06-12,1273.4000244140625,27.21775778999683
2016-06-19,1292.5,29.2364803445494
2016-06-26,1320.0,43.7307518197001
2016-07-03,1336.699951171875,68.5973837985712
2016-07-10,1356.5999755859375,84.46086954737495
2016-07-17,1326.5,103.67749390557081
2016-07-24,1323.0999755859375,74.73231114524405
2016-07-31,1349.0,71.51583761010922
2016-08-07,1336.4000244140625,96.30992815448937
2016-08-14,1335.800048828125,84.17336292405508
2016-08-21,1340.4000244140625,83.59846682704054
2016-08-28,1321.5,88.0138178159206
2016-09-04,1322.0999755859375,70.00774868946971
2016-09-11,1330.0999755859375,70.57282995599766
2016-09-18,1305.800048828125,78.15349484869537
2016-09-25,1337.199951171875,55.46215175779073
2016-10-02,1313.300048828125,84.9403349932934
2016-10-09,1248.9000244140625,62.34511693136699
2016-10-16,1253.0999755859375,23.604550652166733
2016-10-23,1265.9000244140625,22.883710741685988
2016-10-30,1275.5,25.24413222828012
2016-11-06,1303.300048828125,30.58854568228083
2016-11-13,1265.5,53.202891739488315
2016-11-20,1208.5,25.075850044126916
2016-11-27,1178.199951171875,51.632127215734116
2016-12-04,1175.0999755859375,79.81987951680465
2016-12-11,1159.4000244140625,82.78256467223252
2016-12-18,1135.300048828125,97.90488066850908
2016-12-25,1131.9000244140625,121.36989092958197
2017-01-01,1150.0,124.69660956243328
2017-01-08,1171.9000244140625,107.02922437224464
2017-01-15,1195.300048828125,85.8499587820199
2017-01-22,1204.300048828125,63.68903423198057
2017-01-29,1188.0999755859375,55.41483143024982
2017-02-05,1218.5,70.42962589268622
2017-02-12,1234.4000244140625,42.92473498137495
2017-02-19,1237.5999755859375,30.686918017780183
2017-02-26,1256.9000244140625,28.652774392670313
2017-03-05,1225.5,22.879762711250784
2017-03-12,1200.699951171875,37.204432334778886
2017-03-19,1229.800048828125,58.700399615809054
2017-03-26,1248.199951171875,33.92305907819263
2017-04-02,1247.300048828125,23.79414760688089
2017-04-09,1254.300048828125,24.06534252534395
2017-04-16,1285.9000244140625,22.8147717047585
2017-04-23,1287.4000244140625,38.27705507091072
2017-04-30,1266.0999755859375,39.486653973276646
2017-05-07,1224.800048828125,25.330176335903094
2017-05-14,1226.199951171875,37.757529856081106
2017-05-21,1252.699951171875,36.65624031037551
2017-05-28,1267.5999755859375,22.920491531087478
2017-06-04,1276.800048828125,26.01520668975529
2017-06-11,1268.5,31.466123447952004
2017-06-18,1254.0,26.45821156510653
2017-06-25,1256.199951171875,22.826163925182403
2017-07-02,1240.699951171875,22.8334242871099
2017-07-09,1208.5999755859375,26.89626398920783
2017-07-16,1226.5999755859375,51.54283536857313
2017-07-23,1254.300048828125,36.34523513444048
2017-07-30,1268.4000244140625,22.8147717047585
2017-08-06,1258.300048828125,26.407867674267973
2017-08-13,1287.699951171875,23.035508479484278
2017-08-20,1285.699951171875,39.73083231048378
2017-08-27,1292.5,38.11723821180206
2017-09-03,1324.5,43.7307518197001
2017-09-10,1346.0,72.8384273789935
2017-09-17,1320.4000244140625,93.41045835970239
2017-09-24,1293.300048828125,68.97316163659421
2017-10-01,1281.5,44.41242253358786
2017-10-08,1271.5999755859375,34.85614394390188
2017-10-15,1301.5,28.149547066114113
2017-10-22,1277.4000244140625,51.589289783852465
2017-10-29,1268.5,31.88070732423835
2017-11-05,1266.5,26.45821156510653
2017-11-12,1272.4000244140625,25.50611054268504
2017-11-19,1295.800048828125,28.62388672661526
2017-11-26,1286.699951171875,46.56603363034427
2017-12-03,1278.800048828125,38.91966129068341
2017-12-10,1245.199951171875,32.87002269567168
2017-12-17,1254.300048828125,24.812828969620973
2017-12-24,1275.4000244140625,22.8147717047585
2017-12-31,1306.300048828125,30.52228712242052
2018-01-07,1320.300048828125,55.91634739947086
2018-01-14,1333.4000244140625,68.87922211855691
2018-01-21,1331.9000244140625,81.3020095580097
2018-01-28,1351.5999755859375,79.86951624344995
2018-02-04,1333.699951171875,98.82699971228709
2018-02-11,1313.0999755859375,81.58870092780876
2018-02-18,1353.199951171875,62.15975139929506
2018-02-25,1328.199951171875,100.37777075259343
2018-03-04,1321.0999755859375,76.3459674756904
2018-03-11,1322.4000244140625,69.63128924511462
2018-03-18,1311.300048828125,70.8556269176861
2018-03-25,1349.300048828125,60.49609823707124
2018-04-01,1322.800048828125,96.60021601998724
2018-04-08,1331.9000244140625,71.23285383864764
2018-04-15,1344.800048828125,79.86951624344995
2018-04-22,1336.699951171875,92.25228292356056
2018-04-29,1320.300048828125,84.46086954737495
2018-05-06,1312.699951171875,68.87922211855691
2018-05-13,1319.0,61.78939183906407
2018-05-20,1290.199951171875,67.65912385681747
2018-05-27,1303.300048828125,41.79367601126334
2018-06-03,1294.800048828125,53.202891739488315
2018-06-10,1298.0999755859375,45.70049771825452
2018-06-17,1274.5999755859375,48.5756318223734
2018-06-24,1267.4000244140625,29.998684527540924
2018-07-01,1251.300048828125,25.919966407820482
2018-07-08,1254.300048828125,23.10287283828955
2018-07-15,1239.5999755859375,22.8147717047585
2018-07-22,1229.5,27.492725580840425
2018-07-29,1222.5999755859375,34.14483784130682
2018-08-05,1214.199951171875,39.52564735638984
2018-08-12,1211.0999755859375,46.607673331025374
2018-08-19,1176.5,49.32275993787511
2018-08-26,1206.300048828125,81.44340398029506
2018-09-02,1200.300048828125,53.606126816761645
2018-09-09,1193.5999755859375,59.06751004513046
2018-09-16,1195.0,65.27238105307421
2018-09-23,1196.199951171875,63.968074623173784
2018-09-30,1191.5,62.85322710181114
2018-10-07,1201.199951171875,67.2355328372977
2018-10-14,1218.0999755859375,58.241973850837695
2018-10-21,1225.300048828125,43.26270221948881
2018-10-28,1232.5,37.3619416194986
2018-11-04,1230.9000244140625,31.983818303466702
2018-11-11,1206.4000244140625,33.12036959655658
2018-11-18,1220.800048828125,53.51605409762098
2018-11-25,1221.0,41.00252955622573
2018-12-02,1220.199951171875,40.83721875870353
2018-12-09,1246.800048828125,41.500444735252245
2018-12-16,1237.0,24.22903475048327
2018-12-23,1253.800048828125,29.018384857780745
2018-12-30,1279.9000244140625,22.835922785432494
2019-01-06,1282.699951171875,33.66741294407098
2019-01-13,1287.0999755859375,35.76831252285339
2019-01-20,1281.300048828125,39.243129976762035
2019-01-27,1297.4000244140625,34.70581450483853
2019-02-03,1316.9000244140625,47.96137702482238
2019-02-10,1313.699951171875,65.69430455612789
2019-02-17,1318.0999755859375,62.715876262392655
2019-02-24,1329.199951171875,66.81608843571132
2019-03-03,1296.4000244140625,77.29678243022525
2019-03-10,1297.0,47.08780345412129
2019-03-17,1301.800048828125,47.61135091049424
2019-03-24,1311.5999755859375,51.8574448039568
2019-03-31,1293.0,60.77280990111607
2019-04-07,1290.4000244140625,44.15631908736635
2019-04-14,1290.5999755859375,41.960763071836666
2019-04-21,1271.9000244140625,42.12802725476669
2019-04-28,1284.9000244140625,28.32574802488968
2019-05-05,1279.199951171875,37.482033904290304
2019-05-12,1285.699951171875,33.15795161570858
2019-05-19,1274.5,38.11723821180206
2019-05-26,1283.0,29.934100491459937
2019-06-02,1305.800048828125,35.9989863193852
2019-06-09,1341.199951171875,55.46215175779073
2019-06-16,1340.0999755859375,88.78334323796693
2019-06-23,1396.199951171875,87.725296493309
2019-06-30,1409.699951171875,142.40574218187302
2019-07-07,1396.699951171875,155.68904340265203
2019-07-14,1409.9000244140625,142.89718743617874
2019-07-21,1425.0999755859375,155.8861095544563
2019-07-28,1418.5,170.8721563568239
2019-08-04,1445.5999755859375,164.3617183448823
2019-08-11,1496.5999755859375,191.12072689201275
2019-08-18,1512.5,241.61437773108133
2019-08-25,1526.5999755859375,257.37961436937013
2019-09-01,1519.0999755859375,271.36652280529603
2019-09-08,1506.199951171875,263.9259728393495
2019-09-15,1490.9000244140625,251.13197410190426
2019-09-22,1507.300048828125,235.9649089677133
2019-09-29,1499.0999755859375,252.22282986925933
2019-10-06,1506.199951171875,244.092615840704
2019-10-13,1482.699951171875,251.13197410190426
2019-10-20,1488.199951171875,227.83972262722097
2019-10-27,1499.5,233.28918885363308
2019-11-03,1508.0,244.4891788780303
2019-11-10,1461.300048828125,252.91692104394753
2019-11-17,1467.300048828125,206.6499511862521
2019-11-24,1463.0999755859375,212.58865616421022
2019-12-01,1465.5999755859375,208.43127737424078
2019-12-08,1459.0999755859375,210.90574722336817
2019-12-15,1475.5999755859375,204.472871219344
2019-12-22,1474.699951171875,220.80694610067354
2019-12-29,1513.800048828125,219.91560788973968
2020-01-05,1549.199951171875,258.6690007382082
2020-01-12,1557.5,293.79568913058534
2020-01-19,1558.800048828125,302.03575209360935
2020-01-26,1571.0999755859375,303.32652476817316
2020-02-02,1582.9000244140625,315.5401802154176
2020-02-09,1568.5999755859375,327.2598041311371
2020-02-16,1582.699951171875,313.0575043756622
2020-02-23,1644.5999755859375,327.06107680364187
2020-03-01,1564.0999755859375,388.5683641693093
2020-03-08,1670.800048828125,308.58895422615336
2020-03-15,1515.699951171875,414.61349803595675
2020-03-22,1484.0,260.5534112138683
2020-03-29,1623.9000244140625,229.12771109599274
2020-04-05,1633.699951171875,367.99504728986204
2020-04-12,1736.199951171875,377.73451211553873
2020-04-19,1689.199951171875,479.6466284664348
2020-04-26,1723.5,432.90762184312314
2020-05-03,1694.5,467.01604286462674
2020-05-10,1709.9000244140625,438.1776130914448
2020-05-17,1753.4000244140625,453.4912562659288
2020-05-24,1734.5999755859375,496.75394834660784
2020-05-31,1736.9000244140625,478.05534900131136
2020-06-07,1676.199951171875,480.34290046797156
2020-06-14,1729.300048828125,419.9821170368541
2020-06-21,1745.9000244140625,472.78431513543654
2020-06-28,1772.5,489.2942321030914
2020-07-05,1784.0,515.7523794422365
2020-07-12,1798.199951171875,527.1919115776521
2020-07-19,1808.300048828125,541.3178374521003
2020-07-26,1897.300048828125,551.3656846840769
2020-08-02,1962.800048828125,639.9171680618334
2020-08-09,2010.0999755859375,705.0975653762348
2020-08-16,1937.0,752.1707477503086
2020-08-23,1934.5999755859375,679.4225448583531
2020-08-30,1964.5999755859375,677.0342048692816
2020-09-06,1923.9000244140625,706.8888074133895
2020-09-13,1937.800048828125,666.3864638593062
2020-09-20,1952.0999755859375,680.2187007891539
2020-09-27,1857.699951171875,694.4492200316417
2020-10-04,1900.199951171875,600.5142556956332
2020-10-11,1919.5,642.8027591988277
2020-10-18,1900.800048828125,662.0079666008972
2020-10-25,1902.0,643.3998973797327
2020-11-01,1877.4000244140625,644.5939328933832
2020-11-08,1950.300048828125,620.115810057107
2020-11-15,1885.699951171875,692.6580118487506
2020-11-22,1872.5999755859375,628.3744853799004
2020-11-29,1781.9000244140625,615.3396855312611
2020-12-06,1835.9000244140625,525.1029421835283
2020-12-13,1839.800048828125,578.8244309454741
2020-12-20,1885.699951171875,582.7046691795049
2020-12-27,1879.9000244140625,628.3744853799004
2021-01-03,1893.0999755859375,622.6033694107668
2021-01-10,1834.0999755859375,635.7378518481283
2021-01-17,1829.300048828125,577.0335279800453
2021-01-24,1855.699951171875,572.2580318783332
2021-01-31,1847.300048828125,598.5243077672351
2021-02-07,1810.9000244140625,590.1667297893633
2021-02-14,1821.5999755859375,553.952261401312
2021-02-21,1775.800048828125,564.5972835253323
2021-02-28,1728.0999755859375,519.035026940621
2021-03-07,1698.0,471.59080303385787
2021-03-14,1719.5,441.6578586929824
2021-03-21,1741.4000244140625,463.03805637923136
2021-03-28,1732.199951171875,484.81852047712835
2021-04-04,1726.5,475.6683917880134
2021-04-11,1743.300048828125,469.99958598780904
2021-04-18,1779.0,486.708278639284
2021-04-25,1777.0,522.218142954886
2021-05-02,1767.300048828125,520.228660701909
2021-05-09,1831.0999755859375,510.57993124042787
2021-05-16,1837.9000244140625,574.0487900304123
2021-05-23,1876.699951171875,580.8142792499182
2021-05-30,1902.5,619.4192229750223
2021-06-06,1889.800048828125,645.0914687544051
2021-06-13,1877.4000244140625,632.4542583322532
2021-06-20,1767.9000244140625,620.115810057107
2021-06-27,1776.5999755859375,511.17672822120767
2021-07-04,1782.5999755859375,519.8307417179669
2021-07-11,1810.0,525.7992231026943
2021-07-18,1814.5,553.0568728918616
2021-07-25,1801.4000244140625,557.533718444229
2021-08-01,1812.5999755859375,544.5013208636318
2021-08-08,1760.0,555.6434630460124
2021-08-15,1775.199951171875,503.3186704351738
2021-08-22,1781.0,518.4380906213506
2021-08-29,1816.5999755859375,524.207639687616
2021-09-05,1830.9000244140625,559.622909450256
2021-09-12,1789.5999755859375,573.8498569477968
2021-09-19,1749.4000244140625,532.762612466717
2021-09-26,1749.699951171875,492.7754028874792
2021-10-03,1757.0,493.073718577594
2021-10-10,1756.300048828125,500.3346725580246
2021-10-17,1767.199951171875,499.63846025984725
2021-10-24,1795.5,510.4803640262068
2021-10-31,1783.0,538.631909239822
2021-11-07,1816.4000244140625,526.1971507358599
2021-11-14,1867.9000244140625,559.423984581367
2021-11-21,1851.199951171875,610.6632091480819
2021-11-28,1785.300048828125,594.0469602402105
2021-12-05,1782.0,528.4851545016456
2021-12-12,1782.9000244140625,525.2023934324665
2021-12-19,1803.800048828125,526.097699132063
2021-12-26,1811.199951171875,546.888924555148
2022-01-02,1827.5,554.2506438230906
2022-01-09,1797.0,570.4671611909442
2022-01-16,1816.5,540.1241156197894
2022-01-23,1831.800048828125,559.5234470011036
2022-01-30,1784.9000244140625,574.7452995749234
2022-02-06,1806.5999755859375,528.0872236303434
2022-02-13,1840.800048828125,549.6743839242824
2022-02-20,1898.5999755859375,583.699602247324
2022-02-27,1886.5,641.2106775639187
2022-03-06,1965.0999755859375,629.1705655428452
2022-03-13,1982.699951171875,707.3863957335318
2022-03-20,1928.199951171875,724.9017068352987
2022-03-27,1953.800048828125,670.6653857814972
2022-04-03,1919.0999755859375,696.1410629547047
2022-04-10,1941.5999755859375,661.6099010053211
2022-04-17,1970.9000244140625,684.0001520226236
2022-04-24,1931.0,713.1584952518618
2022-05-01,1909.300048828125,673.4517735964312
2022-05-08,1881.199951171875,651.8580522578757
2022-05-15,1807.4000244140625,623.8968326828407
2022-05-22,1841.800048828125,550.4703033387625
2022-05-29,1851.300048828125,584.6945379074344
2022-06-05,1845.4000244140625,594.1465534791896
2022-06-12,1871.5,588.2763032540361
2022-06-19,1835.5999755859375,614.2451995576773
2022-06-26,1826.5,578.5259060341509
2022-07-03,1798.9000244140625,569.4722639020242
2022-07-10,1740.5999755859375,542.0142785483354
2022-07-17,1702.4000244140625,484.02279936494534
2022-07-24,1727.0999755859375,446.0331526692058
2022-07-31,1762.9000244140625,470.59627572215254
2022-08-07,1772.9000244140625,506.20326059798793
2022-08-14,1798.5999755859375,516.1502923424944
2022-08-21,1747.5999755859375,541.7157862500111
2022-08-28,1736.0999755859375,490.98503125588
2022-09-04,1709.800048828125,479.54719591210704
2022-09-11,1716.199951171875,453.3918370829196
2022-09-18,1671.699951171875,459.75623142776794
2022-09-25,1645.300048828125,415.50817253373106
2022-10-02,1662.4000244140625,389.2642240129022
2022-10-09,1700.5,406.2625599952954
2022-10-16,1641.699951171875,444.14379339176793
2022-10-23,1651.0,385.6858397152476
2022-10-30,1639.5999755859375,394.9300273785823
2022-11-06,1672.5,383.5985833390953
2022-11-13,1766.0,416.30357848781716
2022-11-20,1751.9000244140625,509.28677471914966
2022-11-27,1753.300048828125,495.26198582634447
2022-12-04,1795.9000244140625,496.65450816656426
2022-12-11,1798.0999755859375,539.0298545051043
2022-12-18,1790.0,541.2183806930408
2022-12-25,1795.9000244140625,533.160549825666
2023-01-01,1819.699951171875,539.0298545051043
2023-01-08,1864.199951171875,562.7069885485801
2023-01-15,1918.4000244140625,606.9816517417578
2023-01-22,1926.4000244140625,660.9133780030725
2023-01-29,1928.5999755859375,668.874247657494
2023-02-05,1862.9000244140625,671.0634577206838
2023-02-12,1862.800048828125,605.6882375150838
2023-02-19,1840.4000244140625,605.5887629610288
2023-02-26,1808.800048828125,583.3016044180141
2023-03-05,1847.699951171875,551.8631063486722
2023-03-12,1862.0,590.5646132026187
2023-03-19,1969.800048828125,604.7927244481627
2023-03-26,1982.0999755859375,712.0638165250533
2023-04-02,1969.0,724.3046103465731
2023-04-09,2011.9000244140625,711.2676213635646
2023-04-16,2002.199951171875,753.9622245539884
2023-04-23,1979.5,744.3083908904512
2023-04-30,1989.0999755859375,721.717116898415
